股票代码,公司名称,交易所,主营业务,所属行业,公司亮点,成立日期,注册资本,上市日期,办公地址,营业总收入,营收同比增长率,净利润,净利润同比增长率,总资产,资产负债率,毛利率,净利率,员工人数,报告期,总市值(亿),营业收入_亿元,行业清洗,毛利率_数值,净利率_数值,营收同比增长率_数值,净利润同比增长率_数值,资产负债率_数值,注册资本_万元,成立年限,华南地区,高景气行业,规模得分,增长得分,盈利得分,财务健康得分,技术投入得分,成熟度得分,上市年限得分,地域得分,行业景气得分,企业性质得分,决策链得分,需求匹配得分,总分,客户分级
688498,源杰科技,上交所,半导体激光器芯片的研发、设计、生产与销售。,"半导体 概念行情贴合度： 共封装光学(CPO)， 光纤概念， 汽车芯片， 2026中报预增， 5G， 沪股通， 融资融券， 数据中心(AIDC)， 西部大开发， 芯片概念 详情>> 对比>> 可比公司() 全部 收起 家未上市公司 全部 收起 市盈率(动态)： 157.196 每股收益：4.89元 [[[0,""-0.07""],[1,""0.17""],[2,""0.37""],[3,""1.23""],[4,""2.24""],[5,""2.09""],[6,""1.44""],[7,""4.89""]],[[0,""2024\u5e74\u62a5""],[1,""2025\u4e00\u5b63\u62a5""],[2,""2025\u4e2d\u62a5""],[3,""2025\u4e09\u5b63\u62a5""],[4,""2025\u5e74\u62a5""],[5,""2026\u4e00\u5b63\u62a5""],[6,""\u5206\u7ea2\u8f6c\u589e""],[7,""2026\u4e2d\u62a5""]],""\u5143""] 每股收益单位：元 同行业排名第1位 查看明细>> 每股资本公积金：17.52元 [[[0,""21.88""],[1,""21.98""],[2,""22.01""],[3,""22.00""],[4,""22.91""],[5,""23.13""],[6,""15.97""],[7,""17.52""]],[[0,""2024\u5e74\u62a5""],[1,""2025\u4e00\u5b63\u62a5""],[2,""2025\u4e2d\u62a5""],[3,""2025\u4e09\u5b63\u62a5""],[4,""2025\u5e74\u62a5""],[5,""2026\u4e00\u5b63\u62a5""],[6,""\u5206\u7ea2\u8f6c\u589e""],[7,""2026\u4e2d\u62a5""]],""\u5143""] 每股资本公积金单位：元 同行业排名第4位 查看明细>> 分类： 超大盘股 市盈率(静态)： 999.66 营业总收入： 9.25亿元 同比增长351.4% [[[0,""2.52""],[1,""0.84""],[2,""2.05""],[3,""3.83""],[4,""6.01""],[5,""3.55""],[6,""3.55""],[7,""9.25""]],[[0,""2024\u5e74\u62a5""],[1,""2025\u4e00\u5b63\u62a5""],[2,""2025\u4e2d\u62a5""],[3,""2025\u4e09\u5b63\u62a5""],[4,""2025\u5e74\u62a5""],[5,""2026\u4e00\u5b63\u62a5""],[6,""\u5206\u7ea2\u8f6c\u589e""],[7,""2026\u4e2d\u62a5""]],""\u4ebf\u5143""] 营业总收入单位：亿元 同行业排名第8位 查看明细>> 每股未分配利润：6.63元 [[[0,""1.68""],[1,""1.74""],[2,""2.11""],[3,""2.40""],[4,""3.23""],[5,""5.32""],[6,""3.67""],[7,""6.63""]],[[0,""2024\u5e74\u62a5""],[1,""2025\u4e00\u5b63\u62a5""],[2,""2025\u4e2d\u62a5""],[3,""2025\u4e09\u5b63\u62a5""],[4,""2025\u5e74\u62a5""],[5,""2026\u4e00\u5b63\u62a5""],[6,""\u5206\u7ea2\u8f6c\u589e""],[7,""2026\u4e2d\u62a5""]],""\u5143""] 每股未分配利润单位：元 同行业排名第3位 查看明细>> 总股本： 1.25亿股 市净率： 60.76 净利润： 6.07亿元 同比增长1212.2% [[[0,""-0.06""],[1,""0.14""],[2,""0.46""],[3,""1.06""],[4,""1.91""],[5,""1.79""],[6,""1.79""],[7,""6.07""]],[[0,""2024\u5e74\u62a5""],[1,""2025\u4e00\u5b63\u62a5""],[2,""2025\u4e2d\u62a5""],[3,""2025\u4e09\u5b63\u62a5""],[4,""2025\u5e74\u62a5""],[5,""2026\u4e00\u5b63\u62a5""],[6,""\u5206\u7ea2\u8f6c\u589e""],[7,""2026\u4e2d\u62a5""]],""\u4ebf\u5143""] 净利润单位：亿元 同行业排名第2位 查看明细>> 每股经营现金流：3.92元 [[[0,""0.22""],[1,""-0.06""],[2,""0.68""],[3,""0.78""],[4,""1.75""],[5,""0.46""],[6,""0.32""],[7,""3.92""]],[[0,""2024\u5e74\u62a5""],[1,""2025\u4e00\u5b63\u62a5""],[2,""2025\u4e2d\u62a5""],[3,""2025\u4e09\u5b63\u62a5""],[4,""2025\u5e74\u62a5""],[5,""2026\u4e00\u5b63\u62a5""],[6,""\u5206\u7ea2\u8f6c\u589e""],[7,""2026\u4e2d\u62a5""]],""\u5143""] 每股经营现金流单位：元 同行业排名第1位 查看明细>> 总市值：1916亿 每股净资产：25.23元 [[[0,""24.25""],[1,""24.37""],[2,""24.76""],[3,""25.27""],[4,""27.14""],[5,""29.38""],[6,""20.28""],[7,""25.23""]],[[0,""2024\u5e74\u62a5""],[1,""2025\u4e00\u5b63\u62a5""],[2,""2025\u4e2d\u62a5""],[3,""2025\u4e09\u5b63\u62a5""],[4,""2025\u5e74\u62a5""],[5,""2026\u4e00\u5b63\u62a5""],[6,""\u5206\u7ea2\u8f6c\u589e""],[7,""2026\u4e2d\u62a5""]],""\u5143""] 每股净资产单位：元 同行业排名第2位 查看明细>> 毛利率：80.42% [[[0,""33.32""],[1,""44.64""],[2,""48.80""],[3,""54.76""],[4,""58.11""],[5,""77.81""],[6,""77.81""],[7,""80.42""]],[[0,""2024\u5e74\u62a5""],[1,""2025\u4e00\u5b63\u62a5""],[2,""2025\u4e2d\u62a5""],[3,""2025\u4e09\u5b63\u62a5""],[4,""2025\u5e74\u62a5""],[5,""2026\u4e00\u5b63\u62a5""],[6,""\u5206\u7ea2\u8f6c\u589e""],[7,""2026\u4e2d\u62a5""]],""""] 毛利率单位：% 同行业排名第1位 查看明细>> 净资产收益率：22.10% [[[0,""-0.29""],[1,""0.69""],[2,""2.20""],[3,""4.97""],[4,""8.68""],[5,""7.38""],[6,""7.38""],[7,""22.10""]],[[0,""2024\u5e74\u62a5""],[1,""2025\u4e00\u5b63\u62a5""],[2,""2025\u4e2d\u62a5""],[3,""2025\u4e09\u5b63\u62a5""],[4,""2025\u5e74\u62a5""],[5,""2026\u4e00\u5b63\u62a5""],[6,""\u5206\u7ea2\u8f6c\u589e""],[7,""2026\u4e2d\u62a5""]],""""] 净资产收益率单位：% 同行业排名第1位 查看明细>> 流通A股：1.23亿股 最新解禁： 2027-03-15 解禁股份类型： 股权激励一般股份 解禁数量： 90.35万股 公告解禁数量为上市公司公告符合解禁条件的股份数量。实际可售为公告解禁数量除去股权质押、高管禁售等部分，实际可以在市场出售的股份数量。 解禁时间 公告解禁 实际可售 解禁股成本 2026-03-10 83.86万 83.86万 -- 2025-12-22 2385.07万 2385.07万 -- 2025-10-22 17.70万 17.70万 -- 历史解禁详情表 占总股本比例： 0.72% 以上为中报 您对此栏目的评价： 有用 0 没用 0 提建议 公司名称： 公司简称： 上市场所： 所属行业： 所属地域：",10G激光器芯片市场份额全球第一，面向400G/800G硅光模块的CW芯片产品已实现百万颗以上出货,,,,,,320.94%,,1153.07%,,10.72%,77.81%,50.51%,,一季报,1916.0,9.25,半导体,77.81,50.51,320.94,1153.07,10.72,,,0,1,80.02382667932159,100.0,96.686,89.28,64.0,50.0,55.0,48.0,74.0,60.0,54.0,42.0,73.06,A级（高价值优先跟进）
688692,达梦数据,上交所,提供各类数据库软件及集群软件、云计算与大数据产品、数据库一体机等一系列数据库产品及相关技术服务。,"软件开发 概念行情贴合度： AI语料， 云计算， 信创， 沪股通， 华为概念， 融资融券， 数据要素， 智能电网 详情>> 对比>> 可比公司() 全部 收起 家未上市公司 全部 收起 市盈率(动态)： 55.418 每股收益：1.95元 [[[0,""3.65""],[1,""0.87""],[2,""0.87""],[3,""1.81""],[4,""2.91""],[5,""4.56""],[6,""1.34""],[7,""1.95""]],[[0,""2024\u5e74\u62a5""],[1,""2025\u4e00\u5b63\u62a5""],[2,""\u5206\u7ea2\u8f6c\u589e""],[3,""2025\u4e2d\u62a5""],[4,""2025\u4e09\u5b63\u62a5""],[5,""2025\u5e74\u62a5""],[6,""2026\u4e00\u5b63\u62a5""],[7,""2026\u4e2d\u62a5""]],""\u5143""] 每股收益单位：元 同行业排名第2位 查看明细>> 每股资本公积金：16.82元 [[[0,""24.47""],[1,""24.47""],[2,""16.42""],[3,""16.10""],[4,""16.10""],[5,""16.21""],[6,""16.52""],[7,""16.82""]],[[0,""2024\u5e74\u62a5""],[1,""2025\u4e00\u5b63\u62a5""],[2,""\u5206\u7ea2\u8f6c\u589e""],[3,""2025\u4e2d\u62a5""],[4,""2025\u4e09\u5b63\u62a5""],[5,""2025\u5e74\u62a5""],[6,""2026\u4e00\u5b63\u62a5""],[7,""2026\u4e2d\u62a5""]],""\u5143""] 每股资本公积金单位：元 同行业排名第5位 查看明细>> 分类： 中盘股 市盈率(静态)： 47.42 营业总收入： 7.13亿元 同比增长36.27% [[[0,""10.44""],[1,""2.58""],[2,""2.58""],[3,""5.23""],[4,""8.30""],[5,""13.06""],[6,""4.11""],[7,""7.13""]],[[0,""2024\u5e74\u62a5""],[1,""2025\u4e00\u5b63\u62a5""],[2,""\u5206\u7ea2\u8f6c\u589e""],[3,""2025\u4e2d\u62a5""],[4,""2025\u4e09\u5b63\u62a5""],[5,""2025\u5e74\u62a5""],[6,""2026\u4e00\u5b63\u62a5""],[7,""2026\u4e2d\u62a5""]],""\u4ebf\u5143""] 营业总收入单位：亿元 同行业排名第14位 查看明细>> 每股未分配利润：15.91元 [[[0,""16.63""],[1,""17.92""],[2,""12.03""],[3,""12.97""],[4,""13.47""],[5,""14.96""],[6,""16.29""],[7,""15.91""]],[[0,""2024\u5e74\u62a5""],[1,""2025\u4e00\u5b63\u62a5""],[2,""\u5206\u7ea2\u8f6c\u589e""],[3,""2025\u4e2d\u62a5""],[4,""2025\u4e09\u5b63\u62a5""],[5,""2025\u5e74\u62a5""],[6,""2026\u4e00\u5b63\u62a5""],[7,""2026\u4e2d\u62a5""]],""\u5143""] 每股未分配利润单位：元 同行业排名第2位 查看明细>> 总股本： 1.13亿股 市净率： 6.32 净利润： 2.21亿元 同比增长7.99% [[[0,""3.62""],[1,""0.98""],[2,""0.98""],[3,""2.05""],[4,""3.30""],[5,""5.17""],[6,""1.51""],[7,""2.21""]],[[0,""2024\u5e74\u62a5""],[1,""2025\u4e00\u5b63\u62a5""],[2,""\u5206\u7ea2\u8f6c\u589e""],[3,""2025\u4e2d\u62a5""],[4,""2025\u4e09\u5b63\u62a5""],[5,""2025\u5e74\u62a5""],[6,""2026\u4e00\u5b63\u62a5""],[7,""2026\u4e2d\u62a5""]],""\u4ebf\u5143""] 净利润单位：亿元 同行业排名第3位 查看明细>> 每股经营现金流：0.04元 [[[0,""6.23""],[1,""-1.34""],[2,""-0.90""],[3,""0.08""],[4,""0.97""],[5,""4.73""],[6,""-1.11""],[7,""0.04""]],[[0,""2024\u5e74\u62a5""],[1,""2025\u4e00\u5b63\u62a5""],[2,""\u5206\u7ea2\u8f6c\u589e""],[3,""2025\u4e2d\u62a5""],[4,""2025\u4e09\u5b63\u62a5""],[5,""2025\u5e74\u62a5""],[6,""2026\u4e00\u5b63\u62a5""],[7,""2026\u4e2d\u62a5""]],""\u5143""] 每股经营现金流单位：元 同行业排名第8位 查看明细>> 总市值：244亿 每股净资产：34.23元 [[[0,""42.60""],[1,""43.89""],[2,""29.46""],[3,""30.40""],[4,""30.90""],[5,""32.67""],[6,""34.32""],[7,""34.23""]],[[0,""2024\u5e74\u62a5""],[1,""2025\u4e00\u5b63\u62a5""],[2,""\u5206\u7ea2\u8f6c\u589e""],[3,""2025\u4e2d\u62a5""],[4,""2025\u4e09\u5b63\u62a5""],[5,""2025\u5e74\u62a5""],[6,""2026\u4e00\u5b63\u62a5""],[7,""2026\u4e2d\u62a5""]],""\u5143""] 每股净资产单位：元 同行业排名第1位 查看明细>> 毛利率：95.36% [[[0,""89.63""],[1,""96.92""],[2,""96.92""],[3,""96.22""],[4,""96.26""],[5,""96.12""],[6,""96.56""],[7,""95.36""]],[[0,""2024\u5e74\u62a5""],[1,""2025\u4e00\u5b63\u62a5""],[2,""\u5206\u7ea2\u8f6c\u589e""],[3,""2025\u4e2d\u62a5""],[4,""2025\u4e09\u5b63\u62a5""],[5,""2025\u5e74\u62a5""],[6,""2026\u4e00\u5b63\u62a5""],[7,""2026\u4e2d\u62a5""]],""""] 毛利率单位：% 同行业排名第2位 查看明细>> 净资产收益率：5.79% [[[0,""15.34""],[1,""2.99""],[2,""2.99""],[3,""6.13""],[4,""9.69""],[5,""14.85""],[6,""4.01""],[7,""5.79""]],[[0,""2024\u5e74\u62a5""],[1,""2025\u4e00\u5b63\u62a5""],[2,""\u5206\u7ea2\u8f6c\u589e""],[3,""2025\u4e2d\u62a5""],[4,""2025\u4e09\u5b63\u62a5""],[5,""2025\u5e74\u62a5""],[6,""2026\u4e00\u5b63\u62a5""],[7,""2026\u4e2d\u62a5""]],""""] 净资产收益率单位：% 同行业排名第3位 查看明细>> 流通A股：0.74亿股 最新解禁： 2027-06-14 解禁股份类型： 首发原股东限售股份,首发战略配售股份 解禁数量： 3907.53万股 公告解禁数量为上市公司公告符合解禁条件的股份数量。实际可售为公告解禁数量除去股权质押、高管禁售等部分，实际可以在市场出售的股份数量。 解禁时间 公告解禁 实际可售 解禁股成本 2026-06-12 102.81万 102.81万 -- 2025-06-12 5048.87万 5048.87万 -- 2024-12-12 91.49万 91.49万 -- 历史解禁详情表 占总股本比例： 34.58% 更新日期： 2026-08-28 总质押股份数量： 48.00万股 重要股东质押数量（质押中） 股东名称 质押数量 占所持股份比 占总股本比 王晶 48.00万股 16.35% 0.42% *仅展示上市公司公告披露的股东的质押情况 质押股份占A股总股本比： 0.42% [[""0.8500"",""0.8500"",""0.4200"",""0.4200"",""0.4200"",""0.4200"",""0.4200"",""0.4200"",""0.4200"",""0.4200"",""0.4200"",""0.4200""],[""2026-06-12"",""2026-06-18"",""2026-06-26"",""2026-07-03"",""2026-07-10"",""2026-07-17"",""2026-07-24"",""2026-07-31"",""2026-08-07"",""2026-08-14"",""2026-08-21"",""2026-08-28""]] 质押股份占A股总股本比单位：% *数据来源：中登公司及上市公司最新公布的质押公告 以上为中报 您对此栏目的评价： 有用 0 没用 0 提建议 公司名称： 公司简称： 上市场所： 所属行业： 所属地域：",事务型数据库管理系统国家级制造业单项冠军，全球第二个在软件层面全面突破共享存储集群核心技术的数据库厂商,,,,,,59.09%,,54.25%,,9.32%,96.56%,36.02%,,一季报,244.0,7.13,软件开发,96.56,36.02,59.09,54.25,9.32,,,0,0,74.1689306087024,100.0,100.0,90.68,48.0,50.0,55.0,48.0,64.0,60.0,64.0,49.0,72.92,A级（高价值优先跟进）
688041,海光信息,上交所,研发、设计和销售应用于服务器、工作站等计算、存储设备中的高端处理器。,"半导体 概念行情贴合度： 中国AI 50， 芯片概念， 东数西算(算力)， DeepSeek概念， 阿里巴巴概念， 百度概念， 抖音概念(字节概念)， 沪股通， 量子科技， 人工智能， 融资融券， ... 详情>> 财务分析： 权重股， 一线蓝筹 对比>> 可比公司() 全部 收起 家未上市公司 全部 收起 市盈率(动态)： 164.070 每股收益：0.78元 [[[0,""0.66""],[1,""0.83""],[2,""0.22""],[3,""0.52""],[4,""0.85""],[5,""1.10""],[6,""0.30""],[7,""0.78""]],[[0,""2024\u4e09\u5b63\u62a5""],[1,""2024\u5e74\u62a5""],[2,""2025\u4e00\u5b63\u62a5""],[3,""2025\u4e2d\u62a5""],[4,""2025\u4e09\u5b63\u62a5""],[5,""2025\u5e74\u62a5""],[6,""2026\u4e00\u5b63\u62a5""],[7,""2026\u4e2d\u62a5""]],""\u5143""] 每股收益单位：元 同行业排名第28位 查看明细>> 每股资本公积金：6.65元 [[[0,""6.24""],[1,""6.25""],[2,""6.26""],[3,""6.27""],[4,""6.28""],[5,""6.37""],[6,""6.51""],[7,""6.65""]],[[0,""2024\u4e09\u5b63\u62a5""],[1,""2024\u5e74\u62a5""],[2,""2025\u4e00\u5b63\u62a5""],[3,""2025\u4e2d\u62a5""],[4,""2025\u4e09\u5b63\u62a5""],[5,""2025\u5e74\u62a5""],[6,""2026\u4e00\u5b63\u62a5""],[7,""2026\u4e2d\u62a5""]],""\u5143""] 每股资本公积金单位：元 同行业排名第32位 查看明细>> 分类： 超大盘股 市盈率(静态)： 231.90 营业总收入： 90.99亿元 同比增长66.52% [[[0,""61.37""],[1,""91.62""],[2,""24.00""],[3,""54.64""],[4,""94.90""],[5,""143.77""],[6,""40.34""],[7,""90.99""]],[[0,""2024\u4e09\u5b63\u62a5""],[1,""2024\u5e74\u62a5""],[2,""2025\u4e00\u5b63\u62a5""],[3,""2025\u4e2d\u62a5""],[4,""2025\u4e09\u5b63\u62a5""],[5,""2025\u5e74\u62a5""],[6,""2026\u4e00\u5b63\u62a5""],[7,""2026\u4e2d\u62a5""]],""\u4ebf\u5143""] 营业总收入单位：亿元 同行业排名第7位 查看明细>> 每股未分配利润：2.99元 [[[0,""1.41""],[1,""1.56""],[2,""1.78""],[3,""1.91""],[4,""2.24""],[5,""2.37""],[6,""2.67""],[7,""2.99""]],[[0,""2024\u4e09\u5b63\u62a5""],[1,""2024\u5e74\u62a5""],[2,""2025\u4e00\u5b63\u62a5""],[3,""2025\u4e2d\u62a5""],[4,""2025\u4e09\u5b63\u62a5""],[5,""2025\u5e74\u62a5""],[6,""2026\u4e00\u5b63\u62a5""],[7,""2026\u4e2d\u62a5""]],""\u5143""] 每股未分配利润单位：元 同行业排名第21位 查看明细>> 总股本： 23.24亿股 市净率： 23.25 净利润： 17.98亿元 同比增长49.69% [[[0,""15.26""],[1,""19.31""],[2,""5.06""],[3,""12.01""],[4,""19.61""],[5,""25.45""],[6,""6.87""],[7,""17.98""]],[[0,""2024\u4e09\u5b63\u62a5""],[1,""2024\u5e74\u62a5""],[2,""2025\u4e00\u5b63\u62a5""],[3,""2025\u4e2d\u62a5""],[4,""2025\u4e09\u5b63\u62a5""],[5,""2025\u5e74\u62a5""],[6,""2026\u4e00\u5b63\u62a5""],[7,""2026\u4e2d\u62a5""]],""\u4ebf\u5143""] 净利润单位：亿元 同行业排名第8位 查看明细>> 每股经营现金流：-0.18元 [[[0,""0.17""],[1,""0.42""],[2,""1.09""],[3,""0.94""],[4,""0.97""],[5,""0.90""],[6,""0.03""],[7,""-0.18""]],[[0,""2024\u4e09\u5b63\u62a5""],[1,""2024\u5e74\u62a5""],[2,""2025\u4e00\u5b63\u62a5""],[3,""2025\u4e2d\u62a5""],[4,""2025\u4e09\u5b63\u62a5""],[5,""2025\u5e74\u62a5""],[6,""2026\u4e00\u5b63\u62a5""],[7,""2026\u4e2d\u62a5""]],""\u5143""] 每股经营现金流单位：元 同行业排名第40位 查看明细>> 总市值：5900亿 每股净资产：10.92元 [[[0,""8.53""],[1,""8.71""],[2,""8.94""],[3,""9.08""],[4,""9.42""],[5,""9.68""],[6,""10.11""],[7,""10.92""]],[[0,""2024\u4e09\u5b63\u62a5""],[1,""2024\u5e74\u62a5""],[2,""2025\u4e00\u5b63\u62a5""],[3,""2025\u4e2d\u62a5""],[4,""2025\u4e09\u5b63\u62a5""],[5,""2025\u5e74\u62a5""],[6,""2026\u4e00\u5b63\u62a5""],[7,""2026\u4e2d\u62a5""]],""\u5143""] 每股净资产单位：元 同行业排名第27位 查看明细>> 毛利率：55.21% [[[0,""65.63""],[1,""63.72""],[2,""61.19""],[3,""60.15""],[4,""60.10""],[5,""57.83""],[6,""55.60""],[7,""55.21""]],[[0,""2024\u4e09\u5b63\u62a5""],[1,""2024\u5e74\u62a5""],[2,""2025\u4e00\u5b63\u62a5""],[3,""2025\u4e2d\u62a5""],[4,""2025\u4e09\u5b63\u62a5""],[5,""2025\u5e74\u62a5""],[6,""2026\u4e00\u5b63\u62a5""],[7,""2026\u4e2d\u62a5""]],""""] 毛利率单位：% 同行业排名第11位 查看明细>> 净资产收益率：7.56% [[[0,""7.88""],[1,""9.92""],[2,""2.47""],[3,""5.75""],[4,""9.30""],[5,""11.87""],[6,""2.99""],[7,""7.56""]],[[0,""2024\u4e09\u5b63\u62a5""],[1,""2024\u5e74\u62a5""],[2,""2025\u4e00\u5b63\u62a5""],[3,""2025\u4e2d\u62a5""],[4,""2025\u4e09\u5b63\u62a5""],[5,""2025\u5e74\u62a5""],[6,""2026\u4e00\u5b63\u62a5""],[7,""2026\u4e2d\u62a5""]],""""] 净资产收益率单位：% 同行业排名第23位 查看明细>> 流通A股：23.24亿股 以上为中报 权重股条件[成分股] 问财百科： 权重股就是总股本巨大的上市公司股票，他的股票总数占股票市场股票总数的比重很大，也就权重很大，他的涨跌对股票指数的影响很大。 一线蓝筹条件[成分股] 问财百科： 蓝筹股(blue chip)是指稳定的现金股利政策对公司现金流管理有较高的要求，通常将那些经营业绩较好，具有稳定且较高的现金股利支付的公司股票，多指长期稳定增长的、大型的、传统工业股及金融股。 您对此栏目的评价： 有用 0 没用 0 提建议 公司名称： 公司简称： 上市场所： 所属行业： 所属地域：",国内CPU/GPU龙头，国内唯一一家生产x86芯片的企业，终止吸收合并算力巨头中科曙光,,,,,,68.06%,,35.82%,,22.80%,55.60%,21.75%,,一季报,5900.0,90.99,半导体,55.6,21.75,68.06,35.82,22.8,,,0,0,90.59074906842956,92.91,77.61,77.2,56.0,50.0,55.0,48.0,56.0,60.0,54.0,66.0,71.73,A级（高价值优先跟进）
688279,峰岹科技,上交所,电机驱动控制专用芯片的研发、设计与销售业务。,"半导体 概念行情贴合度： 芯片概念， 新能源汽车， 机器人概念， 沪股通， 融资融券 详情>> 对比>> 可比公司() 全部 收起 家未上市公司 全部 收起 市盈率(动态)： 57.063 每股收益：1.73元 [[[0,""1.99""],[1,""2.41""],[2,""0.55""],[3,""1.26""],[4,""1.72""],[5,""2.16""],[6,""0.77""],[7,""1.73""]],[[0,""2024\u4e09\u5b63\u62a5""],[1,""2024\u5e74\u62a5""],[2,""2025\u4e00\u5b63\u62a5""],[3,""2025\u4e2d\u62a5""],[4,""2025\u4e09\u5b63\u62a5""],[5,""2025\u5e74\u62a5""],[6,""2026\u4e00\u5b63\u62a5""],[7,""2026\u4e2d\u62a5""]],""\u5143""] 每股收益单位：元 同行业排名第13位 查看明细>> 每股资本公积金：37.09元 [[[0,""20.34""],[1,""20.44""],[2,""20.74""],[3,""20.88""],[4,""36.74""],[5,""36.93""],[6,""36.99""],[7,""37.09""]],[[0,""2024\u4e09\u5b63\u62a5""],[1,""2024\u5e74\u62a5""],[2,""2025\u4e00\u5b63\u62a5""],[3,""2025\u4e2d\u62a5""],[4,""2025\u4e09\u5b63\u62a5""],[5,""2025\u5e74\u62a5""],[6,""2026\u4e00\u5b63\u62a5""],[7,""2026\u4e2d\u62a5""]],""\u5143""] 每股资本公积金单位：元 同行业排名第1位 查看明细>> 分类： 中盘股 市盈率(静态)： 103.84 营业总收入： 5.61亿元 同比增长49.56% [[[0,""4.33""],[1,""6.00""],[2,""1.71""],[3,""3.75""],[4,""5.58""],[5,""7.74""],[6,""2.50""],[7,""5.61""]],[[0,""2024\u4e09\u5b63\u62a5""],[1,""2024\u5e74\u62a5""],[2,""2025\u4e00\u5b63\u62a5""],[3,""2025\u4e2d\u62a5""],[4,""2025\u4e09\u5b63\u62a5""],[5,""2025\u5e74\u62a5""],[6,""2026\u4e00\u5b63\u62a5""],[7,""2026\u4e2d\u62a5""]],""\u4ebf\u5143""] 营业总收入单位：亿元 同行业排名第41位 查看明细>> 每股未分配利润：6.81元 [[[0,""5.43""],[1,""5.82""],[2,""6.37""],[3,""6.30""],[4,""5.56""],[5,""5.87""],[6,""6.62""],[7,""6.81""]],[[0,""2024\u4e09\u5b63\u62a5""],[1,""2024\u5e74\u62a5""],[2,""2025\u4e00\u5b63\u62a5""],[3,""2025\u4e2d\u62a5""],[4,""2025\u4e09\u5b63\u62a5""],[5,""2025\u5e74\u62a5""],[6,""2026\u4e00\u5b63\u62a5""],[7,""2026\u4e2d\u62a5""]],""\u5143""] 每股未分配利润单位：元 同行业排名第14位 查看明细>> 总股本： 1.15亿股 市净率： 4.34 净利润： 1.99亿元 同比增长70.98% [[[0,""1.84""],[1,""2.22""],[2,""0.50""],[3,""1.17""],[4,""1.67""],[5,""2.19""],[6,""0.88""],[7,""1.99""]],[[0,""2024\u4e09\u5b63\u62a5""],[1,""2024\u5e74\u62a5""],[2,""2025\u4e00\u5b63\u62a5""],[3,""2025\u4e2d\u62a5""],[4,""2025\u4e09\u5b63\u62a5""],[5,""2025\u5e74\u62a5""],[6,""2026\u4e00\u5b63\u62a5""],[7,""2026\u4e2d\u62a5""]],""\u4ebf\u5143""] 净利润单位：亿元 同行业排名第27位 查看明细>> 每股经营现金流：0.38元 [[[0,""1.30""],[1,""2.00""],[2,""0.61""],[3,""1.32""],[4,""1.54""],[5,""1.99""],[6,""0.45""],[7,""0.38""]],[[0,""2024\u4e09\u5b63\u62a5""],[1,""2024\u5e74\u62a5""],[2,""2025\u4e00\u5b63\u62a5""],[3,""2025\u4e2d\u62a5""],[4,""2025\u4e09\u5b63\u62a5""],[5,""2025\u5e74\u62a5""],[6,""2026\u4e00\u5b63\u62a5""],[7,""2026\u4e2d\u62a5""]],""\u5143""] 每股经营现金流单位：元 同行业排名第24位 查看明细>> 总市值：227亿 每股净资产：45.46元 [[[0,""27.12""],[1,""27.64""],[2,""28.48""],[3,""28.57""],[4,""43.60""],[5,""44.19""],[6,""45.18""],[7,""45.46""]],[[0,""2024\u4e09\u5b63\u62a5""],[1,""2024\u5e74\u62a5""],[2,""2025\u4e00\u5b63\u62a5""],[3,""2025\u4e2d\u62a5""],[4,""2025\u4e09\u5b63\u62a5""],[5,""2025\u5e74\u62a5""],[6,""2026\u4e00\u5b63\u62a5""],[7,""2026\u4e2d\u62a5""]],""\u5143""] 每股净资产单位：元 同行业排名第2位 查看明细>> 毛利率：52.03% [[[0,""52.94""],[1,""53.24""],[2,""52.50""],[3,""52.41""],[4,""51.75""],[5,""52.57""],[6,""51.82""],[7,""52.03""]],[[0,""2024\u4e09\u5b63\u62a5""],[1,""2024\u5e74\u62a5""],[2,""2025\u4e00\u5b63\u62a5""],[3,""2025\u4e2d\u62a5""],[4,""2025\u4e09\u5b63\u62a5""],[5,""2025\u5e74\u62a5""],[6,""2026\u4e00\u5b63\u62a5""],[7,""2026\u4e2d\u62a5""]],""""] 毛利率单位：% 同行业排名第16位 查看明细>> 净资产收益率：3.83% [[[0,""7.50""],[1,""9.02""],[2,""1.95""],[3,""4.47""],[4,""5.34""],[5,""6.09""],[6,""1.72""],[7,""3.83""]],[[0,""2024\u4e09\u5b63\u62a5""],[1,""2024\u5e74\u62a5""],[2,""2025\u4e00\u5b63\u62a5""],[3,""2025\u4e2d\u62a5""],[4,""2025\u4e09\u5b63\u62a5""],[5,""2025\u5e74\u62a5""],[6,""2026\u4e00\u5b63\u62a5""],[7,""2026\u4e2d\u62a5""]],""""] 净资产收益率单位：% 同行业排名第36位 查看明细>> 流通A股：0.94亿股 以上为中报 您对此栏目的评价： 有用 0 没用 0 提建议 公司名称： 公司简称： 上市场所： 所属行业： 所属地域：",国内领先的BLDC电机驱动控制芯片供应商,,,,,,46.20%,,75.09%,,2.28%,51.82%,35.27%,,一季报,227.0,5.61,半导体,51.82,35.27,46.2,75.09,2.28,,,0,1,72.80852924188089,98.1,81.092,97.72,56.0,50.0,55.0,48.0,74.0,60.0,64.0,42.0,70.74,A级（高价值优先跟进）
688008,澜起科技,上交所,为云计算及AI基础设施提供创新、可靠及高能效的互连解决方案。,"半导体 概念行情贴合度： 存储芯片， 中芯国际概念， 芯片概念， 2026中报预增， 沪股通， 人工智能， 人民币贬值受益， 融资融券， 数据安全， 数据中心(AIDC)， 消费电子概念 详情>> 财务分析： 权重股， 一线蓝筹 对比>> 可比公司() 全部 收起 家未上市公司 全部 收起 市盈率(动态)： 62.620 每股收益：1.69元 [[[0,""0.87""],[1,""1.25""],[2,""0.46""],[3,""1.02""],[4,""1.44""],[5,""1.97""],[6,""0.73""],[7,""1.69""]],[[0,""2024\u4e09\u5b63\u62a5""],[1,""2024\u5e74\u62a5""],[2,""2025\u4e00\u5b63\u62a5""],[3,""2025\u4e2d\u62a5""],[4,""2025\u4e09\u5b63\u62a5""],[5,""2025\u5e74\u62a5""],[6,""2026\u4e00\u5b63\u62a5""],[7,""2026\u4e2d\u62a5""]],""\u5143""] 每股收益单位：元 同行业排名第14位 查看明细>> 每股资本公积金：10.87元 [[[0,""4.86""],[1,""4.91""],[2,""4.96""],[3,""4.99""],[4,""5.05""],[5,""5.33""],[6,""10.80""],[7,""10.87""]],[[0,""2024\u4e09\u5b63\u62a5""],[1,""2024\u5e74\u62a5""],[2,""2025\u4e00\u5b63\u62a5""],[3,""2025\u4e2d\u62a5""],[4,""2025\u4e09\u5b63\u62a5""],[5,""2025\u5e74\u62a5""],[6,""2026\u4e00\u5b63\u62a5""],[7,""2026\u4e2d\u62a5""]],""\u5143""] 每股资本公积金单位：元 同行业排名第17位 查看明细>> 分类： 超大盘股 市盈率(静态)： 111.89 营业总收入： 33.35亿元 同比增长26.66% [[[0,""25.71""],[1,""36.39""],[2,""12.22""],[3,""26.33""],[4,""40.58""],[5,""54.56""],[6,""14.61""],[7,""33.35""]],[[0,""2024\u4e09\u5b63\u62a5""],[1,""2024\u5e74\u62a5""],[2,""2025\u4e00\u5b63\u62a5""],[3,""2025\u4e2d\u62a5""],[4,""2025\u4e09\u5b63\u62a5""],[5,""2025\u5e74\u62a5""],[6,""2026\u4e00\u5b63\u62a5""],[7,""2026\u4e2d\u62a5""]],""\u4ebf\u5143""] 营业总收入单位：亿元 同行业排名第16位 查看明细>> 每股未分配利润：6.17元 [[[0,""3.60""],[1,""3.95""],[2,""4.41""],[3,""4.57""],[4,""4.79""],[5,""5.25""],[6,""5.62""],[7,""6.17""]],[[0,""2024\u4e09\u5b63\u62a5""],[1,""2024\u5e74\u62a5""],[2,""2025\u4e00\u5b63\u62a5""],[3,""2025\u4e2d\u62a5""],[4,""2025\u4e09\u5b63\u62a5""],[5,""2025\u5e74\u62a5""],[6,""2026\u4e00\u5b63\u62a5""],[7,""2026\u4e2d\u62a5""]],""\u5143""] 每股未分配利润单位：元 同行业排名第15位 查看明细>> 总股本： 12.21亿股 市净率： 11.64 净利润： 19.97亿元 同比增长72.33% [[[0,""9.78""],[1,""14.12""],[2,""5.25""],[3,""11.59""],[4,""16.32""],[5,""22.36""],[6,""8.47""],[7,""19.97""]],[[0,""2024\u4e09\u5b63\u62a5""],[1,""2024\u5e74\u62a5""],[2,""2025\u4e00\u5b63\u62a5""],[3,""2025\u4e2d\u62a5""],[4,""2025\u4e09\u5b63\u62a5""],[5,""2025\u5e74\u62a5""],[6,""2026\u4e00\u5b63\u62a5""],[7,""2026\u4e2d\u62a5""]],""\u4ebf\u5143""] 净利润单位：亿元 同行业排名第7位 查看明细>> 每股经营现金流：1.09元 [[[0,""1.10""],[1,""1.48""],[2,""0.16""],[3,""0.92""],[4,""1.40""],[5,""1.76""],[6,""0.51""],[7,""1.09""]],[[0,""2024\u4e09\u5b63\u62a5""],[1,""2024\u5e74\u62a5""],[2,""2025\u4e00\u5b63\u62a5""],[3,""2025\u4e2d\u62a5""],[4,""2025\u4e09\u5b63\u62a5""],[5,""2025\u5e74\u62a5""],[6,""2026\u4e00\u5b63\u62a5""],[7,""2026\u4e2d\u62a5""]],""\u5143""] 每股经营现金流单位：元 同行业排名第11位 查看明细>> 总市值：2502亿 每股净资产：17.60元 [[[0,""9.19""],[1,""9.96""],[2,""10.46""],[3,""10.58""],[4,""10.71""],[5,""11.27""],[6,""17.06""],[7,""17.60""]],[[0,""2024\u4e09\u5b63\u62a5""],[1,""2024\u5e74\u62a5""],[2,""2025\u4e00\u5b63\u62a5""],[3,""2025\u4e2d\u62a5""],[4,""2025\u4e09\u5b63\u62a5""],[5,""2025\u5e74\u62a5""],[6,""2026\u4e00\u5b63\u62a5""],[7,""2026\u4e2d\u62a5""]],""\u5143""] 每股净资产单位：元 同行业排名第19位 查看明细>> 毛利率：65.31% [[[0,""58.12""],[1,""58.13""],[2,""60.45""],[3,""60.44""],[4,""61.46""],[5,""62.23""],[6,""69.79""],[7,""65.31""]],[[0,""2024\u4e09\u5b63\u62a5""],[1,""2024\u5e74\u62a5""],[2,""2025\u4e00\u5b63\u62a5""],[3,""2025\u4e2d\u62a5""],[4,""2025\u4e09\u5b63\u62a5""],[5,""2025\u5e74\u62a5""],[6,""2026\u4e00\u5b63\u62a5""],[7,""2026\u4e2d\u62a5""]],""""] 毛利率单位：% 同行业排名第3位 查看明细>> 净资产收益率：10.72% [[[0,""9.46""],[1,""13.41""],[2,""4.50""],[3,""9.70""],[4,""13.60""],[5,""18.25""],[6,""5.39""],[7,""10.72""]],[[0,""2024\u4e09\u5b63\u62a5""],[1,""2024\u5e74\u62a5""],[2,""2025\u4e00\u5b63\u62a5""],[3,""2025\u4e2d\u62a5""],[4,""2025\u4e09\u5b63\u62a5""],[5,""2025\u5e74\u62a5""],[6,""2026\u4e00\u5b63\u62a5""],[7,""2026\u4e2d\u62a5""]],""""] 净资产收益率单位：% 同行业排名第17位 查看明细>> 流通A股：11.45亿股 以上为中报 权重股条件[成分股] 问财百科： 权重股就是总股本巨大的上市公司股票，他的股票总数占股票市场股票总数的比重很大，也就权重很大，他的涨跌对股票指数的影响很大。 一线蓝筹条件[成分股] 问财百科： 蓝筹股(blue chip)是指稳定的现金股利政策对公司现金流管理有较高的要求，通常将那些经营业绩较好，具有稳定且较高的现金股利支付的公司股票，多指长期稳定增长的、大型的、传统工业股及金融股。 您对此栏目的评价： 有用 0 没用 0 提建议 公司名称： 公司简称： 上市场所： 所属行业： 所属地域：",全球领先的无晶圆厂集成电路设计公司，内存互连芯片全球市占率第一，PCIe Retimer芯片全球市占率第二,,,,,,19.51%,,61.30%,,4.17%,69.79%,56.80%,,一季报,2502.0,33.35,半导体,69.79,56.8,19.51,61.3,4.17,,,0,1,85.86729778819307,84.755,91.874,95.83,48.0,50.0,55.0,48.0,74.0,60.0,54.0,49.0,70.39,A级（高价值优先跟进）
688171,纬德信息,上交所,工业物联网信息安全产品和数字化解决方案的研发、生产、销售及技术服务。,"软件开发 概念行情贴合度： 军工信息化， 量子科技， 工业互联网， 电力物联网， 融资融券， 数据安全， 数据要素， 网络安全， 信创， 虚拟电厂， 智能电网 详情>> 对比>> 可比公司() 全部 收起 家未上市公司 全部 收起 市盈率(动态)： 亏损 每股收益：-0.07元 (分红转增后) [[[0,""0.14""],[1,""-0.01""],[2,""0.04""],[3,""0.05""],[4,""0.14""],[5,""-0.0018""],[6,""-0.09""],[7,""-0.07""]],[[0,""2024\u5e74\u62a5""],[1,""2025\u4e00\u5b63\u62a5""],[2,""2025\u4e2d\u62a5""],[3,""2025\u4e09\u5b63\u62a5""],[4,""2025\u5e74\u62a5""],[5,""2026\u4e00\u5b63\u62a5""],[6,""2026\u4e2d\u62a5""],[7,""\u5206\u7ea2\u8f6c\u589e""]],""\u5143""] 每股收益单位：元 同行业排名第19位 查看明细>> 每股资本公积金：5.07元 [[[0,""7.10""],[1,""7.10""],[2,""7.10""],[3,""7.14""],[4,""7.14""],[5,""7.07""],[6,""7.07""],[7,""5.07""]],[[0,""2024\u5e74\u62a5""],[1,""2025\u4e00\u5b63\u62a5""],[2,""2025\u4e2d\u62a5""],[3,""2025\u4e09\u5b63\u62a5""],[4,""2025\u5e74\u62a5""],[5,""2026\u4e00\u5b63\u62a5""],[6,""2026\u4e2d\u62a5""],[7,""\u5206\u7ea2\u8f6c\u589e""]],""\u5143""] 每股资本公积金单位：元 同行业排名第17位 查看明细>> 分类： 小盘股 市盈率(静态)： 266.45 营业总收入： 0.58亿元 同比增长24.66% [[[0,""0.98""],[1,""0.09""],[2,""0.46""],[3,""0.72""],[4,""1.39""],[5,""0.27""],[6,""0.58""],[7,""0.58""]],[[0,""2024\u5e74\u62a5""],[1,""2025\u4e00\u5b63\u62a5""],[2,""2025\u4e2d\u62a5""],[3,""2025\u4e09\u5b63\u62a5""],[4,""2025\u5e74\u62a5""],[5,""2026\u4e00\u5b63\u62a5""],[6,""2026\u4e2d\u62a5""],[7,""\u5206\u7ea2\u8f6c\u589e""]],""\u4ebf\u5143""] 营业总收入单位：亿元 同行业排名第39位 查看明细>> 每股未分配利润：1.17元 (分红转增后) [[[0,""1.68""],[1,""1.66""],[2,""1.67""],[3,""1.69""],[4,""1.77""],[5,""1.77""],[6,""1.64""],[7,""1.17""]],[[0,""2024\u5e74\u62a5""],[1,""2025\u4e00\u5b63\u62a5""],[2,""2025\u4e2d\u62a5""],[3,""2025\u4e09\u5b63\u62a5""],[4,""2025\u5e74\u62a5""],[5,""2026\u4e00\u5b63\u62a5""],[6,""2026\u4e2d\u62a5""],[7,""\u5206\u7ea2\u8f6c\u589e""]],""\u5143""] 每股未分配利润单位：元 同行业排名第13位 查看明细>> 总股本： 1.17亿股 市净率： 3.89 净利润： -0.08亿元 同比下降350.43% [[[0,""0.12""],[1,""-0.01""],[2,""0.03""],[3,""0.04""],[4,""0.12""],[5,""-0.00""],[6,""-0.08""],[7,""-0.08""]],[[0,""2024\u5e74\u62a5""],[1,""2025\u4e00\u5b63\u62a5""],[2,""2025\u4e2d\u62a5""],[3,""2025\u4e09\u5b63\u62a5""],[4,""2025\u5e74\u62a5""],[5,""2026\u4e00\u5b63\u62a5""],[6,""2026\u4e2d\u62a5""],[7,""\u5206\u7ea2\u8f6c\u589e""]],""\u4ebf\u5143""] 净利润单位：亿元 同行业排名第14位 查看明细>> 每股经营现金流：-0.08元 (分红转增后) [[[0,""0.19""],[1,""0.07""],[2,""0.07""],[3,""-0.09""],[4,""0.03""],[5,""0.15""],[6,""-0.11""],[7,""-0.08""]],[[0,""2024\u5e74\u62a5""],[1,""2025\u4e00\u5b63\u62a5""],[2,""2025\u4e2d\u62a5""],[3,""2025\u4e09\u5b63\u62a5""],[4,""2025\u5e74\u62a5""],[5,""2026\u4e00\u5b63\u62a5""],[6,""2026\u4e2d\u62a5""],[7,""\u5206\u7ea2\u8f6c\u589e""]],""\u5143""] 每股经营现金流单位：元 同行业排名第19位 查看明细>> 总市值：31亿 每股净资产：6.97元 [[[0,""9.79""],[1,""9.78""],[2,""9.79""],[3,""9.85""],[4,""9.94""],[5,""9.87""],[6,""9.73""],[7,""6.97""]],[[0,""2024\u5e74\u62a5""],[1,""2025\u4e00\u5b63\u62a5""],[2,""2025\u4e2d\u62a5""],[3,""2025\u4e09\u5b63\u62a5""],[4,""2025\u5e74\u62a5""],[5,""2026\u4e00\u5b63\u62a5""],[6,""2026\u4e2d\u62a5""],[7,""\u5206\u7ea2\u8f6c\u589e""]],""\u5143""] 每股净资产单位：元 同行业排名第11位 查看明细>> 毛利率：49.88% [[[0,""39.78""],[1,""39.66""],[2,""42.12""],[3,""50.23""],[4,""51.40""],[5,""60.49""],[6,""49.88""],[7,""49.88""]],[[0,""2024\u5e74\u62a5""],[1,""2025\u4e00\u5b63\u62a5""],[2,""2025\u4e2d\u62a5""],[3,""2025\u4e09\u5b63\u62a5""],[4,""2025\u5e74\u62a5""],[5,""2026\u4e00\u5b63\u62a5""],[6,""2026\u4e2d\u62a5""],[7,""\u5206\u7ea2\u8f6c\u589e""]],""""] 毛利率单位：% 同行业排名第32位 查看明细>> 净资产收益率：-0.95% [[[0,""1.38""],[1,""-0.12""],[2,""0.38""],[3,""0.53""],[4,""1.44""],[5,""-0.02""],[6,""-0.95""],[7,""-0.95""]],[[0,""2024\u5e74\u62a5""],[1,""2025\u4e00\u5b63\u62a5""],[2,""2025\u4e2d\u62a5""],[3,""2025\u4e09\u5b63\u62a5""],[4,""2025\u5e74\u62a5""],[5,""2026\u4e00\u5b63\u62a5""],[6,""2026\u4e2d\u62a5""],[7,""\u5206\u7ea2\u8f6c\u589e""]],""""] 净资产收益率单位：% 同行业排名第15位 查看明细>> 流通A股：1.17亿股 以上为2026年07月份分红实施后 您对此栏目的评价： 有用 0 没用 0 提建议 公司名称： 公司简称： 上市场所： 所属行业： 所属地域：",国内电力配电网信息安全领域重要供应商，拟并购海晟融创,,,,,,203.25%,,84.49%,,7.88%,60.49%,16.85%,,一季报,31.0,0.58,软件开发,60.49,16.85,203.25,84.49,7.88,,,0,0,56.06536827024236,100.0,75.644,92.12,48.0,50.0,55.0,48.0,64.0,60.0,80.0,49.0,69.21,A级（高价值优先跟进）
301213,观想科技,深交所,提供装备全寿命周期管理系统、智能武器装备管控模块等相关软硬件产品及服务。,"军工电子Ⅱ 概念行情贴合度： 航空发动机， 机器视觉， 卫星导航， AI应用， Web3.0， 传感器， 低空经济， 第三代半导体， 电子身份证， 东数西算(算力)， 高端装备， 机器人概念， 军工， 军工信息化， 军民融合， 区块链， 人工智能， 融资融券， 商业航天， 深股通， 数字孪生， 无人机， 物联网， 西部大开发， 信创， 虚拟现实， 专精特新 详情>> 对比>> 可比公司() 全部 收起 家未上市公司 全部 收起 市盈率(动态)： 亏损 每股收益：-0.02元 [[[0,""-0.11""],[1,""0.01""],[2,""0.01""],[3,""0.0095""],[4,""0.17""],[5,""0.09""],[6,""0.06""],[7,""-0.02""]],[[0,""2024\u5e74\u62a5""],[1,""2025\u4e00\u5b63\u62a5""],[2,""2025\u4e2d\u62a5""],[3,""2025\u4e09\u5b63\u62a5""],[4,""2025\u5e74\u62a5""],[5,""2026\u4e00\u5b63\u62a5""],[6,""\u5206\u7ea2\u8f6c\u589e""],[7,""2026\u4e2d\u62a5""]],""\u5143""] 每股收益单位：元 同行业排名第31位 查看明细>> 每股资本公积金：4.75元 [[[0,""7.05""],[1,""7.05""],[2,""7.05""],[3,""7.05""],[4,""7.05""],[5,""7.05""],[6,""5.04""],[7,""4.75""]],[[0,""2024\u5e74\u62a5""],[1,""2025\u4e00\u5b63\u62a5""],[2,""2025\u4e2d\u62a5""],[3,""2025\u4e09\u5b63\u62a5""],[4,""2025\u5e74\u62a5""],[5,""2026\u4e00\u5b63\u62a5""],[6,""\u5206\u7ea2\u8f6c\u589e""],[7,""2026\u4e2d\u62a5""]],""\u5143""] 每股资本公积金单位：元 同行业排名第24位 查看明细>> 分类： 小盘股 市盈率(静态)： 345.81 营业总收入： 0.49亿元 同比增长19.85% [[[0,""1.52""],[1,""0.17""],[2,""0.41""],[3,""0.65""],[4,""2.01""],[5,""0.29""],[6,""0.29""],[7,""0.49""]],[[0,""2024\u5e74\u62a5""],[1,""2025\u4e00\u5b63\u62a5""],[2,""2025\u4e2d\u62a5""],[3,""2025\u4e09\u5b63\u62a5""],[4,""2025\u5e74\u62a5""],[5,""2026\u4e00\u5b63\u62a5""],[6,""\u5206\u7ea2\u8f6c\u589e""],[7,""2026\u4e2d\u62a5""]],""\u4ebf\u5143""] 营业总收入单位：亿元 同行业排名第57位 查看明细>> 每股未分配利润：1.05元 [[[0,""1.45""],[1,""1.46""],[2,""1.47""],[3,""1.46""],[4,""1.59""],[5,""1.68""],[6,""1.20""],[7,""1.05""]],[[0,""2024\u5e74\u62a5""],[1,""2025\u4e00\u5b63\u62a5""],[2,""2025\u4e2d\u62a5""],[3,""2025\u4e09\u5b63\u62a5""],[4,""2025\u5e74\u62a5""],[5,""2026\u4e00\u5b63\u62a5""],[6,""\u5206\u7ea2\u8f6c\u589e""],[7,""2026\u4e2d\u62a5""]],""\u5143""] 每股未分配利润单位：元 同行业排名第30位 查看明细>> 总股本： 1.12亿股 市净率： 5.85 净利润： -0.02亿元 同比下降220.29% [[[0,""-0.09""],[1,""0.01""],[2,""0.01""],[3,""0.01""],[4,""0.13""],[5,""0.07""],[6,""0.07""],[7,""-0.02""]],[[0,""2024\u5e74\u62a5""],[1,""2025\u4e00\u5b63\u62a5""],[2,""2025\u4e2d\u62a5""],[3,""2025\u4e09\u5b63\u62a5""],[4,""2025\u5e74\u62a5""],[5,""2026\u4e00\u5b63\u62a5""],[6,""\u5206\u7ea2\u8f6c\u589e""],[7,""2026\u4e2d\u62a5""]],""\u4ebf\u5143""] 净利润单位：亿元 同行业排名第30位 查看明细>> 每股经营现金流：-0.09元 [[[0,""0.17""],[1,""-1.46""],[2,""-1.23""],[3,""-1.54""],[4,""-0.66""],[5,""0.21""],[6,""0.15""],[7,""-0.09""]],[[0,""2024\u5e74\u62a5""],[1,""2025\u4e00\u5b63\u62a5""],[2,""2025\u4e2d\u62a5""],[3,""2025\u4e09\u5b63\u62a5""],[4,""2025\u5e74\u62a5""],[5,""2026\u4e00\u5b63\u62a5""],[6,""\u5206\u7ea2\u8f6c\u589e""],[7,""2026\u4e2d\u62a5""]],""\u5143""] 每股经营现金流单位：元 同行业排名第31位 查看明细>> 总市值：46亿 每股净资产：7.03元 [[[0,""9.80""],[1,""9.81""],[2,""9.82""],[3,""9.81""],[4,""9.96""],[5,""10.05""],[6,""7.18""],[7,""7.03""]],[[0,""2024\u5e74\u62a5""],[1,""2025\u4e00\u5b63\u62a5""],[2,""2025\u4e2d\u62a5""],[3,""2025\u4e09\u5b63\u62a5""],[4,""2025\u5e74\u62a5""],[5,""2026\u4e00\u5b63\u62a5""],[6,""\u5206\u7ea2\u8f6c\u589e""],[7,""2026\u4e2d\u62a5""]],""\u5143""] 每股净资产单位：元 同行业排名第30位 查看明细>> 毛利率：66.02% [[[0,""62.54""],[1,""71.25""],[2,""55.01""],[3,""51.80""],[4,""61.28""],[5,""68.60""],[6,""68.60""],[7,""66.02""]],[[0,""2024\u5e74\u62a5""],[1,""2025\u4e00\u5b63\u62a5""],[2,""2025\u4e2d\u62a5""],[3,""2025\u4e09\u5b63\u62a5""],[4,""2025\u5e74\u62a5""],[5,""2026\u4e00\u5b63\u62a5""],[6,""\u5206\u7ea2\u8f6c\u589e""],[7,""2026\u4e2d\u62a5""]],""""] 毛利率单位：% 同行业排名第3位 查看明细>> 净资产收益率：-0.22% [[[0,""-1.10""],[1,""0.14""],[2,""0.18""],[3,""0.10""],[4,""1.68""],[5,""0.87""],[6,""0.87""],[7,""-0.22""]],[[0,""2024\u5e74\u62a5""],[1,""2025\u4e00\u5b63\u62a5""],[2,""2025\u4e2d\u62a5""],[3,""2025\u4e09\u5b63\u62a5""],[4,""2025\u5e74\u62a5""],[5,""2026\u4e00\u5b63\u62a5""],[6,""\u5206\u7ea2\u8f6c\u589e""],[7,""2026\u4e2d\u62a5""]],""""] 净资产收益率单位：% 同行业排名第30位 查看明细>> 流通A股：0.72亿股 以上为中报 您对此栏目的评价： 有用 0 没用 0 提建议 公司名称： 公司简称： 上市场所： 所属行业： 所属地域：",深耕国防信息化领域十余年，实现了从模块到整机、从系统配套到独立系统的成体系发展，拟并购辽晶电子切入半导体分立器件与集成电路领域,,,,,,69.74%,,515.70%,,16.26%,68.60%,21.78%,,一季报,46.0,0.49,军工电子,68.6,21.78,69.74,515.7,16.26,,,0,0,57.5891911971071,100.0,85.44,83.74,48.0,50.0,55.0,48.0,38.0,60.0,80.0,49.0,68.87,A级（高价值优先跟进）
300458,全志科技,深交所,智能应用处理器SoC、高性能模拟器件和无线互联芯片的研发与设计。,"半导体 概念行情贴合度： 汽车芯片， MCU芯片， 存储芯片， 2026一季报预增， 2026中报预增， AI眼镜， DeepSeek概念， EDR概念， 阿里巴巴概念， 百度概念， 长安汽车概念， 车联网(车路协同)， 创投， 东数西算(算力)， 横琴新区， 华为概念， 机器人概念， 机器视觉， 家用电器， 汽车电子， 人工智能， 融资融券， 深股通， 腾讯概念， 无人驾驶， 物联网， 小米概念， 芯片概念， 虚拟现实， 智能穿戴， 智能家居， 智能座舱， 中芯国际概念 详情>> 对比>> 可比公司() 全部 收起 家未上市公司 全部 收起 市盈率(动态)： 34.367 每股收益：0.49元 [[[0,""0.11""],[1,""0.11""],[2,""0.17""],[3,""0.34""],[4,""0.32""],[5,""0.25""],[6,""0.20""],[7,""0.49""]],[[0,""2025\u4e00\u5b63\u62a5""],[1,""\u5206\u7ea2\u8f6c\u589e""],[2,""2025\u4e2d\u62a5""],[3,""2025\u4e09\u5b63\u62a5""],[4,""2025\u5e74\u62a5""],[5,""2026\u4e00\u5b63\u62a5""],[6,""\u5206\u7ea2\u8f6c\u589e""],[7,""2026\u4e2d\u62a5""]],""\u5143""] 每股收益单位：元 同行业排名第32位 查看明细>> 每股资本公积金：0.19元 [[[0,""0.75""],[1,""0.58""],[2,""0.38""],[3,""0.38""],[4,""0.38""],[5,""0.38""],[6,""0.32""],[7,""0.19""]],[[0,""2025\u4e00\u5b63\u62a5""],[1,""\u5206\u7ea2\u8f6c\u589e""],[2,""2025\u4e2d\u62a5""],[3,""2025\u4e09\u5b63\u62a5""],[4,""2025\u5e74\u62a5""],[5,""2026\u4e00\u5b63\u62a5""],[6,""\u5206\u7ea2\u8f6c\u589e""],[7,""2026\u4e2d\u62a5""]],""\u5143""] 每股资本公积金单位：元 同行业排名第56位 查看明细>> 分类： 大盘股 市盈率(静态)： 128.54 营业总收入： 18.88亿元 同比增长41.23% [[[0,""6.20""],[1,""6.20""],[2,""13.37""],[3,""21.61""],[4,""28.38""],[5,""9.12""],[6,""9.12""],[7,""18.88""]],[[0,""2025\u4e00\u5b63\u62a5""],[1,""\u5206\u7ea2\u8f6c\u589e""],[2,""2025\u4e2d\u62a5""],[3,""2025\u4e09\u5b63\u62a5""],[4,""2025\u5e74\u62a5""],[5,""2026\u4e00\u5b63\u62a5""],[6,""\u5206\u7ea2\u8f6c\u589e""],[7,""2026\u4e2d\u62a5""]],""\u4ebf\u5143""] 营业总收入单位：亿元 同行业排名第20位 查看明细>> 每股未分配利润：1.98元 [[[0,""2.61""],[1,""2.01""],[2,""1.90""],[3,""2.04""],[4,""1.98""],[5,""2.23""],[6,""1.86""],[7,""1.98""]],[[0,""2025\u4e00\u5b63\u62a5""],[1,""\u5206\u7ea2\u8f6c\u589e""],[2,""2025\u4e2d\u62a5""],[3,""2025\u4e09\u5b63\u62a5""],[4,""2025\u5e74\u62a5""],[5,""2026\u4e00\u5b63\u62a5""],[6,""\u5206\u7ea2\u8f6c\u589e""],[7,""2026\u4e2d\u62a5""]],""\u5143""] 每股未分配利润单位：元 同行业排名第29位 查看明细>> 总股本： 9.94亿股 市净率： 9.66 净利润： 4.90亿元 同比增长204.17% [[[0,""0.92""],[1,""0.92""],[2,""1.61""],[3,""2.78""],[4,""2.62""],[5,""2.03""],[6,""2.03""],[7,""4.90""]],[[0,""2025\u4e00\u5b63\u62a5""],[1,""\u5206\u7ea2\u8f6c\u589e""],[2,""2025\u4e2d\u62a5""],[3,""2025\u4e09\u5b63\u62a5""],[4,""2025\u5e74\u62a5""],[5,""2026\u4e00\u5b63\u62a5""],[6,""\u5206\u7ea2\u8f6c\u589e""],[7,""2026\u4e2d\u62a5""]],""\u4ebf\u5143""] 净利润单位：亿元 同行业排名第23位 查看明细>> 每股经营现金流：0.23元 [[[0,""0.12""],[1,""0.09""],[2,""0.17""],[3,""0.33""],[4,""0.34""],[5,""0.21""],[6,""0.18""],[7,""0.23""]],[[0,""2025\u4e00\u5b63\u62a5""],[1,""\u5206\u7ea2\u8f6c\u589e""],[2,""2025\u4e2d\u62a5""],[3,""2025\u4e09\u5b63\u62a5""],[4,""2025\u5e74\u62a5""],[5,""2026\u4e00\u5b63\u62a5""],[6,""\u5206\u7ea2\u8f6c\u589e""],[7,""2026\u4e2d\u62a5""]],""\u5143""] 每股经营现金流单位：元 同行业排名第31位 查看明细>> 总市值：337亿 每股净资产：3.51元 [[[0,""4.89""],[1,""3.76""],[2,""3.67""],[3,""3.79""],[4,""3.77""],[5,""4.02""],[6,""3.35""],[7,""3.51""]],[[0,""2025\u4e00\u5b63\u62a5""],[1,""\u5206\u7ea2\u8f6c\u589e""],[2,""2025\u4e2d\u62a5""],[3,""2025\u4e09\u5b63\u62a5""],[4,""2025\u5e74\u62a5""],[5,""2026\u4e00\u5b63\u62a5""],[6,""\u5206\u7ea2\u8f6c\u589e""],[7,""2026\u4e2d\u62a5""]],""\u5143""] 每股净资产单位：元 同行业排名第46位 查看明细>> 毛利率：43.12% [[[0,""32.53""],[1,""32.53""],[2,""33.03""],[3,""32.85""],[4,""32.88""],[5,""40.21""],[6,""40.21""],[7,""43.12""]],[[0,""2025\u4e00\u5b63\u62a5""],[1,""\u5206\u7ea2\u8f6c\u589e""],[2,""2025\u4e2d\u62a5""],[3,""2025\u4e09\u5b63\u62a5""],[4,""2025\u5e74\u62a5""],[5,""2026\u4e00\u5b63\u62a5""],[6,""\u5206\u7ea2\u8f6c\u589e""],[7,""2026\u4e2d\u62a5""]],""""] 毛利率单位：% 同行业排名第31位 查看明细>> 净资产收益率：14.78% [[[0,""3.01""],[1,""3.01""],[2,""5.32""],[3,""9.13""],[4,""8.65""],[5,""6.31""],[6,""6.31""],[7,""14.78""]],[[0,""2025\u4e00\u5b63\u62a5""],[1,""\u5206\u7ea2\u8f6c\u589e""],[2,""2025\u4e2d\u62a5""],[3,""2025\u4e09\u5b63\u62a5""],[4,""2025\u5e74\u62a5""],[5,""2026\u4e00\u5b63\u62a5""],[6,""\u5206\u7ea2\u8f6c\u589e""],[7,""2026\u4e2d\u62a5""]],""""] 净资产收益率单位：% 同行业排名第14位 查看明细>> 流通A股：8.14亿股 以上为中报 您对此栏目的评价： 有用 0 没用 0 提建议 公司名称： 公司简称： 上市场所： 所属行业： 所属地域：",国内音视频SoC主控芯片领域的领导者,,,,,,47.12%,,121.77%,,18.73%,40.21%,22.26%,,一季报,337.0,18.88,半导体,40.21,22.26,47.12,121.77,18.73,,,0,1,80.04953213263344,98.56,68.88600000000001,81.27,56.0,50.0,55.0,48.0,74.0,60.0,54.0,42.0,68.4,A级（高价值优先跟进）
300139,晓程科技,深交所,黄金开采及销售业务、太阳能发电业务和集成电路设计业务。,"贵金属 概念行情贴合度： 黄金概念， 民爆概念， 智能电网， 绿色电力， 人民币贬值受益， 融资融券， 深股通， 芯片概念， 一带一路 详情>> 对比>> 可比公司() 全部 收起 家未上市公司 全部 收起 市盈率(动态)： 128.200 每股收益：0.20元 [[[0,""0.15""],[1,""0.17""],[2,""0.04""],[3,""0.15""],[4,""0.28""],[5,""0.55""],[6,""0.16""],[7,""0.20""]],[[0,""2024\u4e09\u5b63\u62a5""],[1,""2024\u5e74\u62a5""],[2,""2025\u4e00\u5b63\u62a5""],[3,""2025\u4e2d\u62a5""],[4,""2025\u4e09\u5b63\u62a5""],[5,""2025\u5e74\u62a5""],[6,""2026\u4e00\u5b63\u62a5""],[7,""2026\u4e2d\u62a5""]],""\u5143""] 每股收益单位：元 同行业排名第12位 查看明细>> 每股资本公积金：2.15元 [[[0,""2.15""],[1,""2.15""],[2,""2.15""],[3,""2.15""],[4,""2.15""],[5,""2.15""],[6,""2.15""],[7,""2.15""]],[[0,""2024\u4e09\u5b63\u62a5""],[1,""2024\u5e74\u62a5""],[2,""2025\u4e00\u5b63\u62a5""],[3,""2025\u4e2d\u62a5""],[4,""2025\u4e09\u5b63\u62a5""],[5,""2025\u5e74\u62a5""],[6,""2026\u4e00\u5b63\u62a5""],[7,""2026\u4e2d\u62a5""]],""\u5143""] 每股资本公积金单位：元 同行业排名第4位 查看明细>> 分类： 中盘股 市盈率(静态)： 94.33 营业总收入： 3.15亿元 同比增长44.29% [[[0,""2.37""],[1,""3.50""],[2,""0.91""],[3,""2.18""],[4,""3.79""],[5,""6.30""],[6,""1.58""],[7,""3.15""]],[[0,""2024\u4e09\u5b63\u62a5""],[1,""2024\u5e74\u62a5""],[2,""2025\u4e00\u5b63\u62a5""],[3,""2025\u4e2d\u62a5""],[4,""2025\u4e09\u5b63\u62a5""],[5,""2025\u5e74\u62a5""],[6,""2026\u4e00\u5b63\u62a5""],[7,""2026\u4e2d\u62a5""]],""\u4ebf\u5143""] 营业总收入单位：亿元 同行业排名第12位 查看明细>> 每股未分配利润：0.67元 [[[0,""-0.03""],[1,""-0.05""],[2,""-0.01""],[3,""0.10""],[4,""0.23""],[5,""0.46""],[6,""0.63""],[7,""0.67""]],[[0,""2024\u4e09\u5b63\u62a5""],[1,""2024\u5e74\u62a5""],[2,""2025\u4e00\u5b63\u62a5""],[3,""2025\u4e2d\u62a5""],[4,""2025\u4e09\u5b63\u62a5""],[5,""2025\u5e74\u62a5""],[6,""2026\u4e00\u5b63\u62a5""],[7,""2026\u4e2d\u62a5""]],""\u5143""] 每股未分配利润单位：元 同行业排名第11位 查看明细>> 总股本： 2.74亿股 市净率： 12.12 净利润： 0.56亿元 同比增长31.24% [[[0,""0.41""],[1,""0.47""],[2,""0.11""],[3,""0.42""],[4,""0.77""],[5,""1.51""],[6,""0.45""],[7,""0.56""]],[[0,""2024\u4e09\u5b63\u62a5""],[1,""2024\u5e74\u62a5""],[2,""2025\u4e00\u5b63\u62a5""],[3,""2025\u4e2d\u62a5""],[4,""2025\u4e09\u5b63\u62a5""],[5,""2025\u5e74\u62a5""],[6,""2026\u4e00\u5b63\u62a5""],[7,""2026\u4e2d\u62a5""]],""\u4ebf\u5143""] 净利润单位：亿元 同行业排名第12位 查看明细>> 每股经营现金流：0.41元 [[[0,""0.05""],[1,""0.33""],[2,""0.10""],[3,""0.17""],[4,""0.61""],[5,""1.05""],[6,""0.24""],[7,""0.41""]],[[0,""2024\u4e09\u5b63\u62a5""],[1,""2024\u5e74\u62a5""],[2,""2025\u4e00\u5b63\u62a5""],[3,""2025\u4e2d\u62a5""],[4,""2025\u4e09\u5b63\u62a5""],[5,""2025\u5e74\u62a5""],[6,""2026\u4e00\u5b63\u62a5""],[7,""2026\u4e2d\u62a5""]],""\u5143""] 每股经营现金流单位：元 同行业排名第8位 查看明细>> 总市值：142亿 每股净资产：4.30元 [[[0,""3.60""],[1,""3.67""],[2,""3.71""],[3,""3.87""],[4,""4.04""],[5,""4.28""],[6,""4.35""],[7,""4.30""]],[[0,""2024\u4e09\u5b63\u62a5""],[1,""2024\u5e74\u62a5""],[2,""2025\u4e00\u5b63\u62a5""],[3,""2025\u4e2d\u62a5""],[4,""2025\u4e09\u5b63\u62a5""],[5,""2025\u5e74\u62a5""],[6,""2026\u4e00\u5b63\u62a5""],[7,""2026\u4e2d\u62a5""]],""\u5143""] 每股净资产单位：元 同行业排名第11位 查看明细>> 毛利率：64.49% [[[0,""54.12""],[1,""57.69""],[2,""62.86""],[3,""64.84""],[4,""65.07""],[5,""62.48""],[6,""66.44""],[7,""64.49""]],[[0,""2024\u4e09\u5b63\u62a5""],[1,""2024\u5e74\u62a5""],[2,""2025\u4e00\u5b63\u62a5""],[3,""2025\u4e2d\u62a5""],[4,""2025\u4e09\u5b63\u62a5""],[5,""2025\u5e74\u62a5""],[6,""2026\u4e00\u5b63\u62a5""],[7,""2026\u4e2d\u62a5""]],""""] 毛利率单位：% 同行业排名第2位 查看明细>> 净资产收益率：4.64% [[[0,""4.20""],[1,""4.73""],[2,""1.09""],[3,""4.14""],[4,""7.36""],[5,""14.02""],[6,""3.76""],[7,""4.64""]],[[0,""2024\u4e09\u5b63\u62a5""],[1,""2024\u5e74\u62a5""],[2,""2025\u4e00\u5b63\u62a5""],[3,""2025\u4e2d\u62a5""],[4,""2025\u4e09\u5b63\u62a5""],[5,""2025\u5e74\u62a5""],[6,""2026\u4e00\u5b63\u62a5""],[7,""2026\u4e2d\u62a5""]],""""] 净资产收益率单位：% 同行业排名第12位 查看明细>> 流通A股：2.34亿股 以上为中报 您对此栏目的评价： 有用 0 没用 0 提建议 公司名称： 公司简称： 上市场所： 所属行业： 所属地域：",主营黄金，在非洲加纳拥有三座金矿，兼营雷管芯片等业务,,,,,,74.46%,,307.96%,,19.98%,66.44%,41.93%,,一季报,142.0,3.15,贵金属,66.44,41.93,74.46,307.96,19.98,,,0,0,68.26457833373277,100.0,89.864,80.02,48.0,50.0,55.0,48.0,38.0,60.0,64.0,42.0,68.3,A级（高价值优先跟进）
300394,天孚通信,深交所,以研发创新为驱动，依托高复用的技术平台与深度的产业链垂直整合能力，提供结合无源光器件、有源光器件和光模块代工服务的一站式光互连解决方案。,"通信设备 概念行情贴合度： 共封装光学(CPO)， 光纤概念， 先进封装， 5G， 华为概念， 人民币贬值受益， 融资融券， 深股通， 数据中心(AIDC)， 同花顺新质50， 无人驾驶， ... 详情>> 财务分析： 权重股， 一线蓝筹 对比>> 可比公司() 全部 收起 家未上市公司 全部 收起 市盈率(动态)： 119.111 每股收益：1.11元 [[[0,""0.43""],[1,""0.43""],[2,""0.83""],[3,""1.89""],[4,""2.60""],[5,""0.63""],[6,""0.45""],[7,""1.11""]],[[0,""2025\u4e00\u5b63\u62a5""],[1,""\u5206\u7ea2\u8f6c\u589e""],[2,""2025\u4e2d\u62a5""],[3,""2025\u4e09\u5b63\u62a5""],[4,""2025\u5e74\u62a5""],[5,""2026\u4e00\u5b63\u62a5""],[6,""\u5206\u7ea2\u8f6c\u589e""],[7,""2026\u4e2d\u62a5""]],""\u5143""] 每股收益单位：元 同行业排名第4位 查看明细>> 每股资本公积金：0.70元 [[[0,""1.87""],[1,""1.33""],[2,""1.11""],[3,""1.13""],[4,""1.23""],[5,""1.23""],[6,""0.88""],[7,""0.70""]],[[0,""2025\u4e00\u5b63\u62a5""],[1,""\u5206\u7ea2\u8f6c\u589e""],[2,""2025\u4e2d\u62a5""],[3,""2025\u4e09\u5b63\u62a5""],[4,""2025\u5e74\u62a5""],[5,""2026\u4e00\u5b63\u62a5""],[6,""\u5206\u7ea2\u8f6c\u589e""],[7,""2026\u4e2d\u62a5""]],""\u5143""] 每股资本公积金单位：元 同行业排名第37位 查看明细>> 分类： 超大盘股 市盈率(静态)： 142.22 营业总收入： 28.28亿元 同比增长15.15% [[[0,""9.45""],[1,""9.45""],[2,""24.56""],[3,""39.18""],[4,""51.63""],[5,""13.30""],[6,""13.30""],[7,""28.28""]],[[0,""2025\u4e00\u5b63\u62a5""],[1,""\u5206\u7ea2\u8f6c\u589e""],[2,""2025\u4e2d\u62a5""],[3,""2025\u4e09\u5b63\u62a5""],[4,""2025\u5e74\u62a5""],[5,""2026\u4e00\u5b63\u62a5""],[6,""\u5206\u7ea2\u8f6c\u589e""],[7,""2026\u4e2d\u62a5""]],""\u4ebf\u5143""] 营业总收入单位：亿元 同行业排名第9位 查看明细>> 每股未分配利润：3.60元 [[[0,""4.35""],[1,""3.10""],[2,""3.46""],[3,""3.69""],[4,""4.21""],[5,""4.84""],[6,""3.45""],[7,""3.60""]],[[0,""2025\u4e00\u5b63\u62a5""],[1,""\u5206\u7ea2\u8f6c\u589e""],[2,""2025\u4e2d\u62a5""],[3,""2025\u4e09\u5b63\u62a5""],[4,""2025\u5e74\u62a5""],[5,""2026\u4e00\u5b63\u62a5""],[6,""\u5206\u7ea2\u8f6c\u589e""],[7,""2026\u4e2d\u62a5""]],""\u5143""] 每股未分配利润单位：元 同行业排名第12位 查看明细>> 总股本： 10.91亿股 市净率： 45.90 净利润： 12.04亿元 同比增长33.92% [[[0,""3.38""],[1,""3.38""],[2,""8.99""],[3,""14.65""],[4,""20.17""],[5,""4.92""],[6,""4.92""],[7,""12.04""]],[[0,""2025\u4e00\u5b63\u62a5""],[1,""\u5206\u7ea2\u8f6c\u589e""],[2,""2025\u4e2d\u62a5""],[3,""2025\u4e09\u5b63\u62a5""],[4,""2025\u5e74\u62a5""],[5,""2026\u4e00\u5b63\u62a5""],[6,""\u5206\u7ea2\u8f6c\u589e""],[7,""2026\u4e2d\u62a5""]],""\u4ebf\u5143""] 净利润单位：亿元 同行业排名第4位 查看明细>> 每股经营现金流：0.92元 [[[0,""0.53""],[1,""0.38""],[2,""0.78""],[3,""1.73""],[4,""2.40""],[5,""0.23""],[6,""0.17""],[7,""0.92""]],[[0,""2025\u4e00\u5b63\u62a5""],[1,""\u5206\u7ea2\u8f6c\u589e""],[2,""2025\u4e2d\u62a5""],[3,""2025\u4e09\u5b63\u62a5""],[4,""2025\u5e74\u62a5""],[5,""2026\u4e00\u5b63\u62a5""],[6,""\u5206\u7ea2\u8f6c\u589e""],[7,""2026\u4e2d\u62a5""]],""\u5143""] 每股经营现金流单位：元 同行业排名第6位 查看明细>> 总市值：2869亿 每股净资产：5.73元 [[[0,""7.83""],[1,""5.58""],[2,""6.03""],[3,""6.27""],[4,""7.08""],[5,""7.69""],[6,""5.48""],[7,""5.73""]],[[0,""2025\u4e00\u5b63\u62a5""],[1,""\u5206\u7ea2\u8f6c\u589e""],[2,""2025\u4e2d\u62a5""],[3,""2025\u4e09\u5b63\u62a5""],[4,""2025\u5e74\u62a5""],[5,""2026\u4e00\u5b63\u62a5""],[6,""\u5206\u7ea2\u8f6c\u589e""],[7,""2026\u4e2d\u62a5""]],""\u5143""] 每股净资产单位：元 同行业排名第21位 查看明细>> 毛利率：60.87% [[[0,""53.05""],[1,""53.05""],[2,""50.79""],[3,""51.87""],[4,""53.96""],[5,""56.60""],[6,""56.60""],[7,""60.87""]],[[0,""2025\u4e00\u5b63\u62a5""],[1,""\u5206\u7ea2\u8f6c\u589e""],[2,""2025\u4e2d\u62a5""],[3,""2025\u4e09\u5b63\u62a5""],[4,""2025\u5e74\u62a5""],[5,""2026\u4e00\u5b63\u62a5""],[6,""\u5206\u7ea2\u8f6c\u589e""],[7,""2026\u4e2d\u62a5""]],""""] 毛利率单位：% 同行业排名第1位 查看明细>> 净资产收益率：19.60% [[[0,""8.13""],[1,""8.13""],[2,""20.13""],[3,""31.30""],[4,""41.91""],[5,""8.57""],[6,""8.57""],[7,""19.60""]],[[0,""2025\u4e00\u5b63\u62a5""],[1,""\u5206\u7ea2\u8f6c\u589e""],[2,""2025\u4e2d\u62a5""],[3,""2025\u4e09\u5b63\u62a5""],[4,""2025\u5e74\u62a5""],[5,""2026\u4e00\u5b63\u62a5""],[6,""\u5206\u7ea2\u8f6c\u589e""],[7,""2026\u4e2d\u62a5""]],""""] 净资产收益率单位：% 同行业排名第3位 查看明细>> 流通A股：10.88亿股 以上为中报 权重股条件[成分股] 问财百科： 权重股就是总股本巨大的上市公司股票，他的股票总数占股票市场股票总数的比重很大，也就权重很大，他的涨跌对股票指数的影响很大。 一线蓝筹条件[成分股] 问财百科： 蓝筹股(blue chip)是指稳定的现金股利政策对公司现金流管理有较高的要求，通常将那些经营业绩较好，具有稳定且较高的现金股利支付的公司股票，多指长期稳定增长的、大型的、传统工业股及金融股。 您对此栏目的评价： 有用 0 没用 0 提建议 公司名称： 公司简称： 上市场所： 所属行业： 所属地域：",业界领先的光器件制造商和光电先进封装制造服务商，连续多年获评“中国光器件与辅助设备及原材料最具竞争力企业10强”,,,,,,40.82%,,45.79%,,14.25%,56.60%,37.01%,,一季报,2869.0,28.28,通信设备,56.6,37.01,40.82,45.79,14.25,,,0,0,85.099538424057,93.30499999999999,83.96000000000001,85.75,48.0,50.0,55.0,48.0,46.0,60.0,54.0,42.0,68.27,A级（高价值优先跟进）
688309,恒誉科技,上交所,有机废弃物热裂解技术装备研发、高端装备销售和产业项目建设与运营。,"环保设备Ⅱ 概念行情贴合度： 专精特新， 高端装备， 2026中报预增， 固废处理， 人民币贬值受益， 融资融券， 碳中和 详情>> 财务分析： 白马股 对比>> 可比公司() 全部 收起 家未上市公司 全部 收起 市盈率(动态)： 38.136 每股收益：1.02元 [[[0,""-0.0010""],[1,""0.22""],[2,""0.10""],[3,""0.10""],[4,""0.18""],[5,""0.42""],[6,""0.54""],[7,""1.02""]],[[0,""2024\u4e09\u5b63\u62a5""],[1,""2024\u5e74\u62a5""],[2,""2025\u4e00\u5b63\u62a5""],[3,""2025\u4e2d\u62a5""],[4,""2025\u4e09\u5b63\u62a5""],[5,""2025\u5e74\u62a5""],[6,""2026\u4e00\u5b63\u62a5""],[7,""2026\u4e2d\u62a5""]],""\u5143""] 每股收益单位：元 同行业排名第1位 查看明细>> 每股资本公积金：5.61元 [[[0,""5.64""],[1,""5.65""],[2,""5.65""],[3,""5.66""],[4,""5.67""],[5,""5.60""],[6,""5.61""],[7,""5.61""]],[[0,""2024\u4e09\u5b63\u62a5""],[1,""2024\u5e74\u62a5""],[2,""2025\u4e00\u5b63\u62a5""],[3,""2025\u4e2d\u62a5""],[4,""2025\u4e09\u5b63\u62a5""],[5,""2025\u5e74\u62a5""],[6,""2026\u4e00\u5b63\u62a5""],[7,""2026\u4e2d\u62a5""]],""\u5143""] 每股资本公积金单位：元 同行业排名第5位 查看明细>> 分类： 小盘股 市盈率(静态)： 184.95 营业总收入： 3.11亿元 同比增长149.6% [[[0,""0.64""],[1,""1.55""],[2,""0.61""],[3,""1.25""],[4,""1.88""],[5,""2.95""],[6,""1.72""],[7,""3.11""]],[[0,""2024\u4e09\u5b63\u62a5""],[1,""2024\u5e74\u62a5""],[2,""2025\u4e00\u5b63\u62a5""],[3,""2025\u4e2d\u62a5""],[4,""2025\u4e09\u5b63\u62a5""],[5,""2025\u5e74\u62a5""],[6,""2026\u4e00\u5b63\u62a5""],[7,""2026\u4e2d\u62a5""]],""\u4ebf\u5143""] 营业总收入单位：亿元 同行业排名第16位 查看明细>> 每股未分配利润：3.49元 [[[0,""2.12""],[1,""2.32""],[2,""2.42""],[3,""2.34""],[4,""2.41""],[5,""2.64""],[6,""3.17""],[7,""3.49""]],[[0,""2024\u4e09\u5b63\u62a5""],[1,""2024\u5e74\u62a5""],[2,""2025\u4e00\u5b63\u62a5""],[3,""2025\u4e2d\u62a5""],[4,""2025\u4e09\u5b63\u62a5""],[5,""2025\u5e74\u62a5""],[6,""2026\u4e00\u5b63\u62a5""],[7,""2026\u4e2d\u62a5""]],""\u5143""] 每股未分配利润单位：元 同行业排名第10位 查看明细>> 总股本： 0.79亿股 市净率： 7.37 净利润： 0.81亿元 同比增长865.58% [[[0,""-0.00""],[1,""0.17""],[2,""0.08""],[3,""0.08""],[4,""0.14""],[5,""0.33""],[6,""0.43""],[7,""0.81""]],[[0,""2024\u4e09\u5b63\u62a5""],[1,""2024\u5e74\u62a5""],[2,""2025\u4e00\u5b63\u62a5""],[3,""2025\u4e2d\u62a5""],[4,""2025\u4e09\u5b63\u62a5""],[5,""2025\u5e74\u62a5""],[6,""2026\u4e00\u5b63\u62a5""],[7,""2026\u4e2d\u62a5""]],""\u4ebf\u5143""] 净利润单位：亿元 同行业排名第7位 查看明细>> 每股经营现金流：0.05元 [[[0,""0.21""],[1,""1.31""],[2,""-0.21""],[3,""0.03""],[4,""0.74""],[5,""0.12""],[6,""-0.41""],[7,""0.05""]],[[0,""2024\u4e09\u5b63\u62a5""],[1,""2024\u5e74\u62a5""],[2,""2025\u4e00\u5b63\u62a5""],[3,""2025\u4e2d\u62a5""],[4,""2025\u4e09\u5b63\u62a5""],[5,""2025\u5e74\u62a5""],[6,""2026\u4e00\u5b63\u62a5""],[7,""2026\u4e2d\u62a5""]],""\u5143""] 每股经营现金流单位：元 同行业排名第9位 查看明细>> 总市值：61亿 每股净资产：10.57元 [[[0,""8.99""],[1,""9.22""],[2,""9.34""],[3,""9.27""],[4,""9.37""],[5,""9.69""],[6,""10.24""],[7,""10.57""]],[[0,""2024\u4e09\u5b63\u62a5""],[1,""2024\u5e74\u62a5""],[2,""2025\u4e00\u5b63\u62a5""],[3,""2025\u4e2d\u62a5""],[4,""2025\u4e09\u5b63\u62a5""],[5,""2025\u5e74\u62a5""],[6,""2026\u4e00\u5b63\u62a5""],[7,""2026\u4e2d\u62a5""]],""\u5143""] 每股净资产单位：元 同行业排名第6位 查看明细>> 毛利率：51.42% [[[0,""46.19""],[1,""41.16""],[2,""33.54""],[3,""28.39""],[4,""30.44""],[5,""31.39""],[6,""57.81""],[7,""51.42""]],[[0,""2024\u4e09\u5b63\u62a5""],[1,""2024\u5e74\u62a5""],[2,""2025\u4e00\u5b63\u62a5""],[3,""2025\u4e2d\u62a5""],[4,""2025\u4e09\u5b63\u62a5""],[5,""2025\u5e74\u62a5""],[6,""2026\u4e00\u5b63\u62a5""],[7,""2026\u4e2d\u62a5""]],""""] 毛利率单位：% 同行业排名第1位 查看明细>> 净资产收益率：9.96% [[[0,""-0.01""],[1,""2.38""],[2,""1.11""],[3,""1.13""],[4,""1.94""],[5,""4.43""],[6,""5.35""],[7,""9.96""]],[[0,""2024\u4e09\u5b63\u62a5""],[1,""2024\u5e74\u62a5""],[2,""2025\u4e00\u5b63\u62a5""],[3,""2025\u4e2d\u62a5""],[4,""2025\u4e09\u5b63\u62a5""],[5,""2025\u5e74\u62a5""],[6,""2026\u4e00\u5b63\u62a5""],[7,""2026\u4e2d\u62a5""]],""""] 净资产收益率单位：% 同行业排名第1位 查看明细>> 流通A股：0.79亿股 以上为中报 白马股条件[成分股] 指标名称 指标数据 判断条件 每股收益(ttm) 1.34元 每股收益大于0.5 净资产收益率(ttm) 12.64% 净资产收益率大于10% 市盈率(上个交易日) 38.14 市盈率小于40 每股净资产 10.57元 每股净资产大于3 营业总收入复合年增长率 21.35% 营业总收入复合年增长率大于20% 净利润复合年增长率 31.73% 净利润复合年增长率大于30% 问财百科： 白马股一般是指其有关的信息已经公开的股票，由于业绩较为明朗，很少存在埋地雷的风险，内幕交易、黑箱操作的可能性大大降低，同时又兼有业绩优良、高成长、低风险的特点，因而具备较高的投资价值，往往为投资者所看好。 您对此栏目的评价： 有用 0 没用 0 提建议 公司名称： 公司简称： 上市场所： 所属行业： 所属地域：",国内少数具备有机废弃物工业连续化裂解设备实际交付能力的企业，主营废轮胎及废塑料热裂解生产线,,,,,,180.55%,,414.07%,,17.40%,57.81%,24.69%,,一季报,61.0,3.11,环保设备,57.81,24.69,180.55,414.07,17.4,,,0,0,64.21481755733151,100.0,81.876,82.6,48.0,50.0,55.0,48.0,38.0,60.0,80.0,42.0,68.2,A级（高价值优先跟进）
688758,赛分科技,上交所,色谱柱和色谱填料的研发、组装生产、销售，以及相关色谱分离和纯化技术的配套耗材、设备和技术服务。,"化学制药 概念行情贴合度： 重组蛋白， 2026中报预增， 专精特新， 沪股通， 融资融券 详情>> 对比>> 可比公司() 全部 收起 家未上市公司 全部 收起 市盈率(动态)： 52.341 每股收益：0.27元 [[[0,""0.15""],[1,""0.23""],[2,""0.06""],[3,""0.13""],[4,""0.23""],[5,""0.31""],[6,""0.09""],[7,""0.27""]],[[0,""2024\u4e09\u5b63\u62a5""],[1,""2024\u5e74\u62a5""],[2,""2025\u4e00\u5b63\u62a5""],[3,""2025\u4e2d\u62a5""],[4,""2025\u4e09\u5b63\u62a5""],[5,""2025\u5e74\u62a5""],[6,""2026\u4e00\u5b63\u62a5""],[7,""2026\u4e2d\u62a5""]],""\u5143""] 每股收益单位：元 同行业排名第18位 查看明细>> 每股资本公积金：1.45元 [[[0,""1.32""],[1,""1.32""],[2,""1.44""],[3,""1.44""],[4,""1.44""],[5,""1.45""],[6,""1.45""],[7,""1.45""]],[[0,""2024\u4e09\u5b63\u62a5""],[1,""2024\u5e74\u62a5""],[2,""2025\u4e00\u5b63\u62a5""],[3,""2025\u4e2d\u62a5""],[4,""2025\u4e09\u5b63\u62a5""],[5,""2025\u5e74\u62a5""],[6,""2026\u4e00\u5b63\u62a5""],[7,""2026\u4e2d\u62a5""]],""\u5143""] 每股资本公积金单位：元 同行业排名第31位 查看明细>> 分类： 中盘股 市盈率(静态)： 91.53 营业总收入： 2.80亿元 同比增长53.17% [[[0,""2.19""],[1,""3.15""],[2,""0.84""],[3,""1.83""],[4,""3.02""],[5,""4.03""],[6,""1.14""],[7,""2.80""]],[[0,""2024\u4e09\u5b63\u62a5""],[1,""2024\u5e74\u62a5""],[2,""2025\u4e00\u5b63\u62a5""],[3,""2025\u4e2d\u62a5""],[4,""2025\u4e09\u5b63\u62a5""],[5,""2025\u5e74\u62a5""],[6,""2026\u4e00\u5b63\u62a5""],[7,""2026\u4e2d\u62a5""]],""\u4ebf\u5143""] 营业总收入单位：亿元 同行业排名第35位 查看明细>> 每股未分配利润：0.93元 [[[0,""0.54""],[1,""0.60""],[2,""0.59""],[3,""0.61""],[4,""0.67""],[5,""0.74""],[6,""0.82""],[7,""0.93""]],[[0,""2024\u4e09\u5b63\u62a5""],[1,""2024\u5e74\u62a5""],[2,""2025\u4e00\u5b63\u62a5""],[3,""2025\u4e2d\u62a5""],[4,""2025\u4e09\u5b63\u62a5""],[5,""2025\u5e74\u62a5""],[6,""2026\u4e00\u5b63\u62a5""],[7,""2026\u4e2d\u62a5""]],""\u5143""] 每股未分配利润单位：元 同行业排名第30位 查看明细>> 总股本： 4.16亿股 市净率： 8.35 净利润： 1.11亿元 同比增长106.19% [[[0,""0.54""],[1,""0.85""],[2,""0.24""],[3,""0.54""],[4,""0.93""],[5,""1.27""],[6,""0.35""],[7,""1.11""]],[[0,""2024\u4e09\u5b63\u62a5""],[1,""2024\u5e74\u62a5""],[2,""2025\u4e00\u5b63\u62a5""],[3,""2025\u4e2d\u62a5""],[4,""2025\u4e09\u5b63\u62a5""],[5,""2025\u5e74\u62a5""],[6,""2026\u4e00\u5b63\u62a5""],[7,""2026\u4e2d\u62a5""]],""\u4ebf\u5143""] 净利润单位：亿元 同行业排名第17位 查看明细>> 每股经营现金流：0.21元 [[[0,""0.15""],[1,""0.18""],[2,""0.0010""],[3,""0.09""],[4,""0.11""],[5,""0.25""],[6,""-0.02""],[7,""0.21""]],[[0,""2024\u4e09\u5b63\u62a5""],[1,""2024\u5e74\u62a5""],[2,""2025\u4e00\u5b63\u62a5""],[3,""2025\u4e2d\u62a5""],[4,""2025\u4e09\u5b63\u62a5""],[5,""2025\u5e74\u62a5""],[6,""2026\u4e00\u5b63\u62a5""],[7,""2026\u4e2d\u62a5""]],""\u5143""] 每股经营现金流单位：元 同行业排名第23位 查看明细>> 总市值：115亿 每股净资产：3.33元 [[[0,""2.87""],[1,""2.97""],[2,""3.07""],[3,""3.10""],[4,""3.17""],[5,""3.25""],[6,""3.33""],[7,""3.33""]],[[0,""2024\u4e09\u5b63\u62a5""],[1,""2024\u5e74\u62a5""],[2,""2025\u4e00\u5b63\u62a5""],[3,""2025\u4e2d\u62a5""],[4,""2025\u4e09\u5b63\u62a5""],[5,""2025\u5e74\u62a5""],[6,""2026\u4e00\u5b63\u62a5""],[7,""2026\u4e2d\u62a5""]],""\u5143""] 每股净资产单位：元 同行业排名第33位 查看明细>> 毛利率：75.32% [[[0,""73.83""],[1,""70.99""],[2,""74.14""],[3,""70.60""],[4,""72.73""],[5,""71.40""],[6,""76.48""],[7,""75.32""]],[[0,""2024\u4e09\u5b63\u62a5""],[1,""2024\u5e74\u62a5""],[2,""2025\u4e00\u5b63\u62a5""],[3,""2025\u4e2d\u62a5""],[4,""2025\u4e09\u5b63\u62a5""],[5,""2025\u5e74\u62a5""],[6,""2026\u4e00\u5b63\u62a5""],[7,""2026\u4e2d\u62a5""]],""""] 毛利率单位：% 同行业排名第2位 查看明细>> 净资产收益率：7.97% [[[0,""5.31""],[1,""8.17""],[2,""1.96""],[3,""4.28""],[4,""7.29""],[5,""9.79""],[6,""2.59""],[7,""7.97""]],[[0,""2024\u4e09\u5b63\u62a5""],[1,""2024\u5e74\u62a5""],[2,""2025\u4e00\u5b63\u62a5""],[3,""2025\u4e2d\u62a5""],[4,""2025\u4e09\u5b63\u62a5""],[5,""2025\u5e74\u62a5""],[6,""2026\u4e00\u5b63\u62a5""],[7,""2026\u4e2d\u62a5""]],""""] 净资产收益率单位：% 同行业排名第7位 查看明细>> 流通A股：2.98亿股 最新解禁： 2027-01-11 解禁股份类型： 首发战略配售股份 解禁数量： 249.88万股 公告解禁数量为上市公司公告符合解禁条件的股份数量。实际可售为公告解禁数量除去股权质押、高管禁售等部分，实际可以在市场出售的股份数量。 解禁时间 公告解禁 实际可售 解禁股成本 2026-01-12 2.56亿 2.56亿 -- 2025-07-10 297.51万 297.51万 -- 2025-01-10 3950.43万 3950.43万 -- 历史解禁详情表 占总股本比例： 0.60% 以上为中报 您对此栏目的评价： 有用 0 没用 0 提建议 公司名称： 公司简称： 上市场所： 所属行业： 所属地域：",主营用于药物分析检测和分离纯化的液相色谱材料,,,,,,35.99%,,49.66%,,8.91%,76.48%,31.33%,,一季报,115.0,2.8,化学制药,76.48,31.33,35.99,49.66,8.91,,,0,0,66.82012166174576,92.825,95.888,91.09,48.0,50.0,55.0,48.0,38.0,60.0,64.0,42.0,68.19,A级（高价值优先跟进）
688690,纳微科技,上交所,高性能纳米微球材料研发、规模化生产、销售及应用服务。,"化学制药 概念行情贴合度： 减肥药， 2026一季报预增， 2026中报预增， 沪股通， 融资融券， 食品安全， 专精特新 详情>> 对比>> 可比公司() 全部 收起 家未上市公司 全部 收起 市盈率(动态)： 53.898 每股收益：0.34元 [[[0,""0.10""],[1,""0.21""],[2,""0.07""],[3,""0.16""],[4,""0.27""],[5,""0.34""],[6,""0.17""],[7,""0.34""]],[[0,""2024\u4e09\u5b63\u62a5""],[1,""2024\u5e74\u62a5""],[2,""2025\u4e00\u5b63\u62a5""],[3,""2025\u4e2d\u62a5""],[4,""2025\u4e09\u5b63\u62a5""],[5,""2025\u5e74\u62a5""],[6,""2026\u4e00\u5b63\u62a5""],[7,""2026\u4e2d\u62a5""]],""\u5143""] 每股收益单位：元 同行业排名第14位 查看明细>> 每股资本公积金：2.04元 [[[0,""1.90""],[1,""1.89""],[2,""1.93""],[3,""1.96""],[4,""1.99""],[5,""2.01""],[6,""2.02""],[7,""2.04""]],[[0,""2024\u4e09\u5b63\u62a5""],[1,""2024\u5e74\u62a5""],[2,""2025\u4e00\u5b63\u62a5""],[3,""2025\u4e2d\u62a5""],[4,""2025\u4e09\u5b63\u62a5""],[5,""2025\u5e74\u62a5""],[6,""2026\u4e00\u5b63\u62a5""],[7,""2026\u4e2d\u62a5""]],""\u5143""] 每股资本公积金单位：元 同行业排名第25位 查看明细>> 分类： 中盘股 市盈率(静态)： 108.43 营业总收入： 5.68亿元 同比增长37.28% [[[0,""5.50""],[1,""7.82""],[2,""1.89""],[3,""4.14""],[4,""6.71""],[5,""9.25""],[6,""2.53""],[7,""5.68""]],[[0,""2024\u4e09\u5b63\u62a5""],[1,""2024\u5e74\u62a5""],[2,""2025\u4e00\u5b63\u62a5""],[3,""2025\u4e2d\u62a5""],[4,""2025\u4e09\u5b63\u62a5""],[5,""2025\u5e74\u62a5""],[6,""2026\u4e00\u5b63\u62a5""],[7,""2026\u4e2d\u62a5""]],""\u4ebf\u5143""] 营业总收入单位：亿元 同行业排名第24位 查看明细>> 每股未分配利润：1.87元 [[[0,""1.31""],[1,""1.39""],[2,""1.46""],[3,""1.48""],[4,""1.59""],[5,""1.63""],[6,""1.80""],[7,""1.87""]],[[0,""2024\u4e09\u5b63\u62a5""],[1,""2024\u5e74\u62a5""],[2,""2025\u4e00\u5b63\u62a5""],[3,""2025\u4e2d\u62a5""],[4,""2025\u4e09\u5b63\u62a5""],[5,""2025\u5e74\u62a5""],[6,""2026\u4e00\u5b63\u62a5""],[7,""2026\u4e2d\u62a5""]],""\u5143""] 每股未分配利润单位：元 同行业排名第23位 查看明细>> 总股本： 4.04亿股 市净率： 7.09 净利润： 1.37亿元 同比增长116.11% [[[0,""0.42""],[1,""0.83""],[2,""0.29""],[3,""0.63""],[4,""1.08""],[5,""1.36""],[6,""0.68""],[7,""1.37""]],[[0,""2024\u4e09\u5b63\u62a5""],[1,""2024\u5e74\u62a5""],[2,""2025\u4e00\u5b63\u62a5""],[3,""2025\u4e2d\u62a5""],[4,""2025\u4e09\u5b63\u62a5""],[5,""2025\u5e74\u62a5""],[6,""2026\u4e00\u5b63\u62a5""],[7,""2026\u4e2d\u62a5""]],""\u4ebf\u5143""] 净利润单位：亿元 同行业排名第14位 查看明细>> 每股经营现金流：0.27元 [[[0,""0.07""],[1,""0.33""],[2,""-0.01""],[3,""0.06""],[4,""0.13""],[5,""0.42""],[6,""0.04""],[7,""0.27""]],[[0,""2024\u4e09\u5b63\u62a5""],[1,""2024\u5e74\u62a5""],[2,""2025\u4e00\u5b63\u62a5""],[3,""2025\u4e2d\u62a5""],[4,""2025\u4e09\u5b63\u62a5""],[5,""2025\u5e74\u62a5""],[6,""2026\u4e00\u5b63\u62a5""],[7,""2026\u4e2d\u62a5""]],""\u5143""] 每股经营现金流单位：元 同行业排名第18位 查看明细>> 总市值：147亿 每股净资产：5.15元 [[[0,""4.24""],[1,""4.33""],[2,""4.44""],[3,""4.50""],[4,""4.64""],[5,""4.72""],[6,""5.06""],[7,""5.15""]],[[0,""2024\u4e09\u5b63\u62a5""],[1,""2024\u5e74\u62a5""],[2,""2025\u4e00\u5b63\u62a5""],[3,""2025\u4e2d\u62a5""],[4,""2025\u4e09\u5b63\u62a5""],[5,""2025\u5e74\u62a5""],[6,""2026\u4e00\u5b63\u62a5""],[7,""2026\u4e2d\u62a5""]],""\u5143""] 每股净资产单位：元 同行业排名第28位 查看明细>> 毛利率：71.45% [[[0,""71.06""],[1,""70.22""],[2,""72.77""],[3,""72.06""],[4,""72.16""],[5,""71.31""],[6,""74.19""],[7,""71.45""]],[[0,""2024\u4e09\u5b63\u62a5""],[1,""2024\u5e74\u62a5""],[2,""2025\u4e00\u5b63\u62a5""],[3,""2025\u4e2d\u62a5""],[4,""2025\u4e09\u5b63\u62a5""],[5,""2025\u5e74\u62a5""],[6,""2026\u4e00\u5b63\u62a5""],[7,""2026\u4e2d\u62a5""]],""""] 毛利率单位：% 同行业排名第4位 查看明细>> 净资产收益率：6.81% [[[0,""2.47""],[1,""4.84""],[2,""1.65""],[3,""3.54""],[4,""5.94""],[5,""7.45""],[6,""3.50""],[7,""6.81""]],[[0,""2024\u4e09\u5b63\u62a5""],[1,""2024\u5e74\u62a5""],[2,""2025\u4e00\u5b63\u62a5""],[3,""2025\u4e2d\u62a5""],[4,""2025\u4e09\u5b63\u62a5""],[5,""2025\u5e74\u62a5""],[6,""2026\u4e00\u5b63\u62a5""],[7,""2026\u4e2d\u62a5""]],""""] 净资产收益率单位：% 同行业排名第10位 查看明细>> 流通A股：4.04亿股 以上为中报 您对此栏目的评价： 有用 0 没用 0 提建议 公司名称： 公司简称： 上市场所： 所属行业： 所属地域：",国内高性能纳米微球材料龙头，“填料+耗材+仪器”一体化色谱填料供应商，产品主要用于生物医药、分析检测等领域,,,,,,34.03%,,133.22%,,12.27%,74.19%,27.10%,,一季报,147.0,5.68,化学制药,74.19,27.1,34.03,133.22,12.27,,,0,0,70.7937438392234,92.015,94.114,87.73,48.0,50.0,55.0,48.0,38.0,60.0,64.0,42.0,68.05,A级（高价值优先跟进）
300604,长川科技,深交所,集成电路专用设备的研发、生产和销售。,"半导体 概念行情贴合度： 国家大基金持股， 存储芯片， 芯片概念， 2026中报预增， 海峡两岸， 融资融券， 深股通， 专精特新 详情>> 对比>> 可比公司() 全部 收起 家未上市公司 全部 收起 市盈率(动态)： 93.464 每股收益：1.49元 (增发后) [[[0,""0.73""],[1,""0.18""],[2,""0.68""],[3,""1.38""],[4,""2.12""],[5,""0.56""],[6,""1.52""],[7,""1.49""]],[[0,""2024\u5e74\u62a5""],[1,""2025\u4e00\u5b63\u62a5""],[2,""2025\u4e2d\u62a5""],[3,""2025\u4e09\u5b63\u62a5""],[4,""2025\u5e74\u62a5""],[5,""2026\u4e00\u5b63\u62a5""],[6,""2026\u4e2d\u62a5""],[7,""\u589e\u53d1""]],""\u5143""] 每股收益单位：元 同行业排名第8位 查看明细>> 每股资本公积金：2.29元 [[[0,""2.15""],[1,""2.22""],[2,""2.26""],[3,""2.39""],[4,""2.28""],[5,""2.30""],[6,""2.33""],[7,""2.29""]],[[0,""2024\u5e74\u62a5""],[1,""2025\u4e00\u5b63\u62a5""],[2,""2025\u4e2d\u62a5""],[3,""2025\u4e09\u5b63\u62a5""],[4,""2025\u5e74\u62a5""],[5,""2026\u4e00\u5b63\u62a5""],[6,""2026\u4e2d\u62a5""],[7,""\u589e\u53d1""]],""\u5143""] 每股资本公积金单位：元 同行业排名第24位 查看明细>> 分类： 超大盘股 市盈率(静态)： 135.30 营业总收入： 34.61亿元 同比增长59.72% [[[0,""36.42""],[1,""8.15""],[2,""21.67""],[3,""37.79""],[4,""52.92""],[5,""13.78""],[6,""34.61""],[7,""34.61""]],[[0,""2024\u5e74\u62a5""],[1,""2025\u4e00\u5b63\u62a5""],[2,""2025\u4e2d\u62a5""],[3,""2025\u4e09\u5b63\u62a5""],[4,""2025\u5e74\u62a5""],[5,""2026\u4e00\u5b63\u62a5""],[6,""2026\u4e2d\u62a5""],[7,""\u589e\u53d1""]],""\u4ebf\u5143""] 营业总收入单位：亿元 同行业排名第4位 查看明细>> 每股未分配利润：4.87元 (增发后) [[[0,""1.68""],[1,""1.84""],[2,""2.25""],[3,""2.94""],[4,""3.55""],[5,""4.09""],[6,""4.97""],[7,""4.87""]],[[0,""2024\u5e74\u62a5""],[1,""2025\u4e00\u5b63\u62a5""],[2,""2025\u4e2d\u62a5""],[3,""2025\u4e09\u5b63\u62a5""],[4,""2025\u5e74\u62a5""],[5,""2026\u4e00\u5b63\u62a5""],[6,""2026\u4e2d\u62a5""],[7,""\u589e\u53d1""]],""\u5143""] 每股未分配利润单位：元 同行业排名第9位 查看明细>> 总股本： 6.46亿股 市净率： 20.65 净利润： 9.64亿元 同比增长125.67% [[[0,""4.58""],[1,""1.11""],[2,""4.27""],[3,""8.65""],[4,""13.31""],[5,""3.53""],[6,""9.64""],[7,""9.64""]],[[0,""2024\u5e74\u62a5""],[1,""2025\u4e00\u5b63\u62a5""],[2,""2025\u4e2d\u62a5""],[3,""2025\u4e09\u5b63\u62a5""],[4,""2025\u5e74\u62a5""],[5,""2026\u4e00\u5b63\u62a5""],[6,""2026\u4e2d\u62a5""],[7,""\u589e\u53d1""]],""\u4ebf\u5143""] 净利润单位：亿元 同行业排名第5位 查看明细>> 每股经营现金流：0.52元 (增发后) [[[0,""1.00""],[1,""0.19""],[2,""-0.13""],[3,""0.14""],[4,""0.89""],[5,""-0.33""],[6,""0.53""],[7,""0.52""]],[[0,""2024\u5e74\u62a5""],[1,""2025\u4e00\u5b63\u62a5""],[2,""2025\u4e2d\u62a5""],[3,""2025\u4e09\u5b63\u62a5""],[4,""2025\u5e74\u62a5""],[5,""2026\u4e00\u5b63\u62a5""],[6,""2026\u4e2d\u62a5""],[7,""\u589e\u53d1""]],""\u5143""] 每股经营现金流单位：元 同行业排名第10位 查看明细>> 总市值：1802亿 每股净资产：13.51元 [[[0,""5.27""],[1,""5.49""],[2,""6.02""],[3,""6.82""],[4,""7.48""],[5,""8.03""],[6,""8.90""],[7,""13.51""]],[[0,""2024\u5e74\u62a5""],[1,""2025\u4e00\u5b63\u62a5""],[2,""2025\u4e2d\u62a5""],[3,""2025\u4e09\u5b63\u62a5""],[4,""2025\u5e74\u62a5""],[5,""2026\u4e00\u5b63\u62a5""],[6,""2026\u4e2d\u62a5""],[7,""\u589e\u53d1""]],""\u5143""] 每股净资产单位：元 同行业排名第19位 查看明细>> 毛利率：55.48% [[[0,""54.85""],[1,""52.75""],[2,""54.93""],[3,""54.48""],[4,""55.05""],[5,""56.81""],[6,""55.48""],[7,""55.48""]],[[0,""2024\u5e74\u62a5""],[1,""2025\u4e00\u5b63\u62a5""],[2,""2025\u4e2d\u62a5""],[3,""2025\u4e09\u5b63\u62a5""],[4,""2025\u5e74\u62a5""],[5,""2026\u4e00\u5b63\u62a5""],[6,""2026\u4e2d\u62a5""],[7,""\u589e\u53d1""]],""""] 毛利率单位：% 同行业排名第5位 查看明细>> 净资产收益率：18.52% [[[0,""14.65""],[1,""3.30""],[2,""11.96""],[3,""22.96""],[4,""33.05""],[5,""7.17""],[6,""18.52""],[7,""18.52""]],[[0,""2024\u5e74\u62a5""],[1,""2025\u4e00\u5b63\u62a5""],[2,""2025\u4e2d\u62a5""],[3,""2025\u4e09\u5b63\u62a5""],[4,""2025\u5e74\u62a5""],[5,""2026\u4e00\u5b63\u62a5""],[6,""2026\u4e2d\u62a5""],[7,""\u589e\u53d1""]],""""] 净资产收益率单位：% 同行业排名第1位 查看明细>> 流通A股：4.89亿股 最新解禁： 2027-02-15 解禁股份类型： 定向增发机构配售股份 解禁数量： 1116.36万股 公告解禁数量为上市公司公告符合解禁条件的股份数量。实际可售为公告解禁数量除去股权质押、高管禁售等部分，实际可以在市场出售的股份数量。 解禁时间 公告解禁 实际可售 解禁股成本 2026-03-27 1.60万 1.60万 -- 2025-11-10 393.68万 393.68万 -- 2025-03-28 368.24万 368.24万 -- 历史解禁详情表 占总股本比例： 1.73% 以上为2026年08月份增发后 您对此栏目的评价： 有用 0 没用 0 提建议 公司名称： 公司简称： 上市场所： 所属行业： 所属地域：",集成电路测试设备（测试机、分选机）国家级制造业单项冠军，国内为数不多可以自主研发、生产集成电路测试设备的企业,,,,,,69.09%,,217.60%,,49.42%,56.81%,26.05%,,一季报,1802.0,34.61,半导体,56.81,26.05,69.09,217.6,49.42,,,0,0,86.04038519433922,100.0,82.636,50.58,48.0,50.0,55.0,48.0,56.0,60.0,54.0,42.0,67.49,B级（重点跟进）
300620,光库科技,深交所,光通讯器件和光纤激光器件的设计、研发、生产、销售及服务。,"通信设备 概念行情贴合度： 共封装光学(CPO)， 光纤概念， 芯片概念， 2026一季报预增， 2026中报预增， 3D打印， 5G， 股权转让(并购重组)， 国企改革， 海工装备， 横琴新区， 激光， 量子科技， 融资融券， 商业航天， 深股通， 数据中心(AIDC)， 卫星导航， 无人驾驶， 一带一路， 粤港澳大湾区 详情>> 对比>> 可比公司() 全部 收起 家未上市公司 全部 收起 市盈率(动态)： 267.826 每股收益：0.60元 [[[0,""0.23""],[1,""0.27""],[2,""0.04""],[3,""0.21""],[4,""0.46""],[5,""0.71""],[6,""0.18""],[7,""0.60""]],[[0,""2024\u4e09\u5b63\u62a5""],[1,""2024\u5e74\u62a5""],[2,""2025\u4e00\u5b63\u62a5""],[3,""2025\u4e2d\u62a5""],[4,""2025\u4e09\u5b63\u62a5""],[5,""2025\u5e74\u62a5""],[6,""2026\u4e00\u5b63\u62a5""],[7,""2026\u4e2d\u62a5""]],""\u5143""] 每股收益单位：元 同行业排名第10位 查看明细>> 每股资本公积金：4.78元 [[[0,""4.51""],[1,""4.53""],[2,""4.57""],[3,""4.62""],[4,""4.66""],[5,""4.69""],[6,""4.73""],[7,""4.78""]],[[0,""2024\u4e09\u5b63\u62a5""],[1,""2024\u5e74\u62a5""],[2,""2025\u4e00\u5b63\u62a5""],[3,""2025\u4e2d\u62a5""],[4,""2025\u4e09\u5b63\u62a5""],[5,""2025\u5e74\u62a5""],[6,""2026\u4e00\u5b63\u62a5""],[7,""2026\u4e2d\u62a5""]],""\u5143""] 每股资本公积金单位：元 同行业排名第14位 查看明细>> 分类： 超大盘股 市盈率(静态)： 449.92 营业总收入： 10.32亿元 同比增长72.91% [[[0,""7.39""],[1,""9.99""],[2,""2.65""],[3,""5.97""],[4,""9.98""],[5,""14.74""],[6,""4.26""],[7,""10.32""]],[[0,""2024\u4e09\u5b63\u62a5""],[1,""2024\u5e74\u62a5""],[2,""2025\u4e00\u5b63\u62a5""],[3,""2025\u4e2d\u62a5""],[4,""2025\u4e09\u5b63\u62a5""],[5,""2025\u5e74\u62a5""],[6,""2026\u4e00\u5b63\u62a5""],[7,""2026\u4e2d\u62a5""]],""\u4ebf\u5143""] 营业总收入单位：亿元 同行业排名第18位 查看明细>> 每股未分配利润：2.80元 [[[0,""1.87""],[1,""1.86""],[2,""1.90""],[3,""1.97""],[4,""2.22""],[5,""2.40""],[6,""2.58""],[7,""2.80""]],[[0,""2024\u4e09\u5b63\u62a5""],[1,""2024\u5e74\u62a5""],[2,""2025\u4e00\u5b63\u62a5""],[3,""2025\u4e2d\u62a5""],[4,""2025\u4e09\u5b63\u62a5""],[5,""2025\u5e74\u62a5""],[6,""2026\u4e00\u5b63\u62a5""],[7,""2026\u4e2d\u62a5""]],""\u5143""] 每股未分配利润单位：元 同行业排名第16位 查看明细>> 总股本： 2.49亿股 市净率： 35.21 净利润： 1.48亿元 同比增长186.09% [[[0,""0.56""],[1,""0.67""],[2,""0.11""],[3,""0.52""],[4,""1.15""],[5,""1.77""],[6,""0.45""],[7,""1.48""]],[[0,""2024\u4e09\u5b63\u62a5""],[1,""2024\u5e74\u62a5""],[2,""2025\u4e00\u5b63\u62a5""],[3,""2025\u4e2d\u62a5""],[4,""2025\u4e09\u5b63\u62a5""],[5,""2025\u5e74\u62a5""],[6,""2026\u4e00\u5b63\u62a5""],[7,""2026\u4e2d\u62a5""]],""\u4ebf\u5143""] 净利润单位：亿元 同行业排名第13位 查看明细>> 每股经营现金流：-0.65元 [[[0,""0.59""],[1,""0.75""],[2,""-0.09""],[3,""0.04""],[4,""0.26""],[5,""0.93""],[6,""-0.14""],[7,""-0.65""]],[[0,""2024\u4e09\u5b63\u62a5""],[1,""2024\u5e74\u62a5""],[2,""2025\u4e00\u5b63\u62a5""],[3,""2025\u4e2d\u62a5""],[4,""2025\u4e09\u5b63\u62a5""],[5,""2025\u5e74\u62a5""],[6,""2026\u4e00\u5b63\u62a5""],[7,""2026\u4e2d\u62a5""]],""\u5143""] 每股经营现金流单位：元 同行业排名第30位 查看明细>> 总市值：794亿 每股净资产：9.06元 [[[0,""7.71""],[1,""7.73""],[2,""7.84""],[3,""8.05""],[4,""8.33""],[5,""8.71""],[6,""8.85""],[7,""9.06""]],[[0,""2024\u4e09\u5b63\u62a5""],[1,""2024\u5e74\u62a5""],[2,""2025\u4e00\u5b63\u62a5""],[3,""2025\u4e2d\u62a5""],[4,""2025\u4e09\u5b63\u62a5""],[5,""2025\u5e74\u62a5""],[6,""2026\u4e00\u5b63\u62a5""],[7,""2026\u4e2d\u62a5""]],""\u5143""] 每股净资产单位：元 同行业排名第15位 查看明细>> 毛利率：38.77% [[[0,""35.88""],[1,""33.88""],[2,""26.90""],[3,""30.92""],[4,""32.41""],[5,""34.66""],[6,""36.63""],[7,""38.77""]],[[0,""2024\u4e09\u5b63\u62a5""],[1,""2024\u5e74\u62a5""],[2,""2025\u4e00\u5b63\u62a5""],[3,""2025\u4e2d\u62a5""],[4,""2025\u4e09\u5b63\u62a5""],[5,""2025\u5e74\u62a5""],[6,""2026\u4e00\u5b63\u62a5""],[7,""2026\u4e2d\u62a5""]],""""] 毛利率单位：% 同行业排名第8位 查看明细>> 净资产收益率：6.65% [[[0,""3.03""],[1,""3.61""],[2,""0.56""],[3,""2.63""],[4,""5.76""],[5,""8.69""],[6,""2.05""],[7,""6.65""]],[[0,""2024\u4e09\u5b63\u62a5""],[1,""2024\u5e74\u62a5""],[2,""2025\u4e00\u5b63\u62a5""],[3,""2025\u4e2d\u62a5""],[4,""2025\u4e09\u5b63\u62a5""],[5,""2025\u5e74\u62a5""],[6,""2026\u4e00\u5b63\u62a5""],[7,""2026\u4e2d\u62a5""]],""""] 净资产收益率单位：% 同行业排名第9位 查看明细>> 流通A股：2.47亿股 以上为中报 您对此栏目的评价： 有用 0 没用 0 提建议 公司名称： 公司简称： 上市场所： 所属行业： 所属地域：",珠海国资委旗下的光电子器件生产商，工业激光器用高功率隔离器获评国家级制造业单项冠军产品，全球少数能提供海底光网络的高可靠性光无源器件的厂商之一，国内稀缺的铌酸锂芯片及器件供应商，拟并购光通信企业安捷讯,,,,,,60.80%,,312.52%,,42.00%,36.63%,9.91%,,一季报,794.0,10.32,通信设备,36.63,9.91,60.8,312.52,42.0,,,1,0,80.50715265970643,100.0,54.388,58.0,56.0,50.0,55.0,100.0,46.0,82.0,36.0,42.0,67.46,B级（重点跟进）
300302,同有科技,深交所,自主可控存储产品及全场景存储综合解决方案的研发、生产及应用。,"计算机设备 概念行情贴合度： 存储芯片， 芯片概念， 卫星导航， 东数西算(算力)， 国产操作系统， 军工， 军工信息化， 融资融券， 深股通， 数据安全， 数据中心(AIDC)， 信创， 云计算， 专精特新 详情>> 对比>> 可比公司() 全部 收起 家未上市公司 全部 收起 市盈率(动态)： 28.147 每股收益：0.54元 [[[0,""0.07""],[1,""-0.58""],[2,""-0.05""],[3,""-0.04""],[4,""0.02""],[5,""-0.11""],[6,""0.18""],[7,""0.54""]],[[0,""2024\u4e09\u5b63\u62a5""],[1,""2024\u5e74\u62a5""],[2,""2025\u4e00\u5b63\u62a5""],[3,""2025\u4e2d\u62a5""],[4,""2025\u4e09\u5b63\u62a5""],[5,""2025\u5e74\u62a5""],[6,""2026\u4e00\u5b63\u62a5""],[7,""2026\u4e2d\u62a5""]],""\u5143""] 每股收益单位：元 同行业排名第11位 查看明细>> 每股资本公积金：1.58元 [[[0,""1.51""],[1,""1.54""],[2,""1.54""],[3,""1.54""],[4,""1.54""],[5,""1.55""],[6,""1.55""],[7,""1.58""]],[[0,""2024\u4e09\u5b63\u62a5""],[1,""2024\u5e74\u62a5""],[2,""2025\u4e00\u5b63\u62a5""],[3,""2025\u4e2d\u62a5""],[4,""2025\u4e09\u5b63\u62a5""],[5,""2025\u5e74\u62a5""],[6,""2026\u4e00\u5b63\u62a5""],[7,""2026\u4e2d\u62a5""]],""\u5143""] 每股资本公积金单位：元 同行业排名第42位 查看明细>> 分类： 中盘股 市盈率(静态)： 亏损 营业总收入： 2.61亿元 同比增长50.12% [[[0,""3.04""],[1,""3.65""],[2,""0.48""],[3,""1.74""],[4,""3.27""],[5,""4.03""],[6,""1.22""],[7,""2.61""]],[[0,""2024\u4e09\u5b63\u62a5""],[1,""2024\u5e74\u62a5""],[2,""2025\u4e00\u5b63\u62a5""],[3,""2025\u4e2d\u62a5""],[4,""2025\u4e09\u5b63\u62a5""],[5,""2025\u5e74\u62a5""],[6,""2026\u4e00\u5b63\u62a5""],[7,""2026\u4e2d\u62a5""]],""\u4ebf\u5143""] 营业总收入单位：亿元 同行业排名第37位 查看明细>> 每股未分配利润：0.01元 [[[0,""0.23""],[1,""-0.42""],[2,""-0.47""],[3,""-0.46""],[4,""-0.40""],[5,""-0.53""],[6,""-0.35""],[7,""0.01""]],[[0,""2024\u4e09\u5b63\u62a5""],[1,""2024\u5e74\u62a5""],[2,""2025\u4e00\u5b63\u62a5""],[3,""2025\u4e2d\u62a5""],[4,""2025\u4e09\u5b63\u62a5""],[5,""2025\u5e74\u62a5""],[6,""2026\u4e00\u5b63\u62a5""],[7,""2026\u4e2d\u62a5""]],""\u5143""] 每股未分配利润单位：元 同行业排名第41位 查看明细>> 总股本： 4.79亿股 市净率： 11.30 净利润： 2.58亿元 同比增长1502.54% [[[0,""0.31""],[1,""-2.81""],[2,""-0.26""],[3,""-0.18""],[4,""0.09""],[5,""-0.53""],[6,""0.87""],[7,""2.58""]],[[0,""2024\u4e09\u5b63\u62a5""],[1,""2024\u5e74\u62a5""],[2,""2025\u4e00\u5b63\u62a5""],[3,""2025\u4e2d\u62a5""],[4,""2025\u4e09\u5b63\u62a5""],[5,""2025\u5e74\u62a5""],[6,""2026\u4e00\u5b63\u62a5""],[7,""2026\u4e2d\u62a5""]],""\u4ebf\u5143""] 净利润单位：亿元 同行业排名第12位 查看明细>> 每股经营现金流：-0.20元 [[[0,""-0.20""],[1,""-0.06""],[2,""-0.04""],[3,""-0.0079""],[4,""-0.05""],[5,""-0.08""],[6,""-0.15""],[7,""-0.20""]],[[0,""2024\u4e09\u5b63\u62a5""],[1,""2024\u5e74\u62a5""],[2,""2025\u4e00\u5b63\u62a5""],[3,""2025\u4e2d\u62a5""],[4,""2025\u4e09\u5b63\u62a5""],[5,""2025\u5e74\u62a5""],[6,""2026\u4e00\u5b63\u62a5""],[7,""2026\u4e2d\u62a5""]],""\u5143""] 每股经营现金流单位：元 同行业排名第31位 查看明细>> 总市值：145亿 每股净资产：2.68元 [[[0,""2.84""],[1,""2.22""],[2,""2.17""],[3,""2.18""],[4,""2.24""],[5,""2.12""],[6,""2.30""],[7,""2.68""]],[[0,""2024\u4e09\u5b63\u62a5""],[1,""2024\u5e74\u62a5""],[2,""2025\u4e00\u5b63\u62a5""],[3,""2025\u4e2d\u62a5""],[4,""2025\u4e09\u5b63\u62a5""],[5,""2025\u5e74\u62a5""],[6,""2026\u4e00\u5b63\u62a5""],[7,""2026\u4e2d\u62a5""]],""\u5143""] 每股净资产单位：元 同行业排名第46位 查看明细>> 毛利率：49.10% [[[0,""47.93""],[1,""41.61""],[2,""41.86""],[3,""51.61""],[4,""52.34""],[5,""48.87""],[6,""48.02""],[7,""49.10""]],[[0,""2024\u4e09\u5b63\u62a5""],[1,""2024\u5e74\u62a5""],[2,""2025\u4e00\u5b63\u62a5""],[3,""2025\u4e2d\u62a5""],[4,""2025\u4e09\u5b63\u62a5""],[5,""2025\u5e74\u62a5""],[6,""2026\u4e00\u5b63\u62a5""],[7,""2026\u4e2d\u62a5""]],""""] 毛利率单位：% 同行业排名第8位 查看明细>> 净资产收益率：22.42% [[[0,""2.33""],[1,""-23.44""],[2,""-2.50""],[3,""-1.74""],[4,""0.87""],[5,""-5.06""],[6,""8.24""],[7,""22.42""]],[[0,""2024\u4e09\u5b63\u62a5""],[1,""2024\u5e74\u62a5""],[2,""2025\u4e00\u5b63\u62a5""],[3,""2025\u4e2d\u62a5""],[4,""2025\u4e09\u5b63\u62a5""],[5,""2025\u5e74\u62a5""],[6,""2026\u4e00\u5b63\u62a5""],[7,""2026\u4e2d\u62a5""]],""""] 净资产收益率单位：% 同行业排名第3位 查看明细>> 流通A股：3.72亿股 更新日期： 2026-08-28 总质押股份数量： 2052.00万股 重要股东质押数量（质押中） 股东名称 质押数量 占所持股份比 占总股本比 周泽湘 2052.00万股 24.60% 4.28% *仅展示上市公司公告披露的股东的质押情况 质押股份占A股总股本比： 4.28% [[""4.8800"",""4.8800"",""4.8800"",""4.8800"",""4.8800"",""4.8800"",""4.2800"",""4.2800"",""4.2800"",""4.2800"",""4.2800"",""4.2800""],[""2026-06-12"",""2026-06-18"",""2026-06-26"",""2026-07-03"",""2026-07-10"",""2026-07-17"",""2026-07-24"",""2026-07-31"",""2026-08-07"",""2026-08-14"",""2026-08-21"",""2026-08-28""]] 质押股份占A股总股本比单位：% *数据来源：中登公司及上市公司最新公布的质押公告 以上为中报 您对此栏目的评价： 有用 0 没用 0 提建议 公司名称： 公司简称： 上市场所： 所属行业： 所属地域：",国内最早上市的专业存储厂商，国内少数精准布局从主控芯片、固件算法、SSD硬盘到闪存存储系统全产业链的厂商之一,,,,,,156.12%,,431.25%,,40.95%,48.02%,71.63%,,一季报,145.0,2.61,计算机设备,48.02,71.63,156.12,431.25,40.95,,,0,0,67.66163093271899,100.0,78.812,59.05,72.0,50.0,55.0,48.0,38.0,60.0,64.0,42.0,67.25,B级（重点跟进）
301536,星宸科技,深交所,端边侧AISoC、IoTSoC、汽车电子SoC的设计、研发及销售。,"半导体 概念行情贴合度： 汽车芯片， AI眼镜， 芯片概念， 2026中报预增， 安防， 车联网(车路协同)， 传感器， 低空经济， 东数西算(算力)， 多模态AI， 福建自贸区， 海峡两岸， 毫米波雷达， 机器人概念， 机器视觉， 汽车电子， 人工智能， 人脸识别， 融资融券， 深股通， 数据安全， 腾讯概念， 网络安全， 卫星导航， 无人机， 无人驾驶， 消费电子概念， 小米概念， 新能源汽车， 星闪概念， 虚拟现实， 移动支付， 智能穿戴， 智能家居， 专精特新 详情>> 对比>> 可比公司() 全部 收起 家未上市公司 全部 收起 市盈率(动态)： 32.133 每股收益：2.05元 [[[0,""0.48""],[1,""0.62""],[2,""0.12""],[3,""0.28""],[4,""0.48""],[5,""0.73""],[6,""0.52""],[7,""2.05""]],[[0,""2024\u4e09\u5b63\u62a5""],[1,""2024\u5e74\u62a5""],[2,""2025\u4e00\u5b63\u62a5""],[3,""2025\u4e2d\u62a5""],[4,""2025\u4e09\u5b63\u62a5""],[5,""2025\u5e74\u62a5""],[6,""2026\u4e00\u5b63\u62a5""],[7,""2026\u4e2d\u62a5""]],""\u5143""] 每股收益单位：元 同行业排名第11位 查看明细>> 每股资本公积金：3.14元 [[[0,""2.95""],[1,""2.98""],[2,""3.00""],[3,""3.03""],[4,""3.06""],[5,""3.08""],[6,""3.11""],[7,""3.14""]],[[0,""2024\u4e09\u5b63\u62a5""],[1,""2024\u5e74\u62a5""],[2,""2025\u4e00\u5b63\u62a5""],[3,""2025\u4e2d\u62a5""],[4,""2025\u4e09\u5b63\u62a5""],[5,""2025\u5e74\u62a5""],[6,""2026\u4e00\u5b63\u62a5""],[7,""2026\u4e2d\u62a5""]],""\u5143""] 每股资本公积金单位：元 同行业排名第42位 查看明细>> 分类： 中盘股 市盈率(静态)： 179.84 营业总收入： 26.58亿元 同比增长89.43% [[[0,""18.13""],[1,""23.54""],[2,""6.65""],[3,""14.03""],[4,""21.66""],[5,""29.72""],[6,""9.94""],[7,""26.58""]],[[0,""2024\u4e09\u5b63\u62a5""],[1,""2024\u5e74\u62a5""],[2,""2025\u4e00\u5b63\u62a5""],[3,""2025\u4e2d\u62a5""],[4,""2025\u4e09\u5b63\u62a5""],[5,""2025\u5e74\u62a5""],[6,""2026\u4e00\u5b63\u62a5""],[7,""2026\u4e2d\u62a5""]],""\u4ebf\u5143""] 营业总收入单位：亿元 同行业排名第18位 查看明细>> 每股未分配利润：4.84元 [[[0,""2.56""],[1,""2.65""],[2,""2.77""],[3,""2.71""],[4,""2.90""],[5,""3.13""],[6,""3.32""],[7,""4.84""]],[[0,""2024\u4e09\u5b63\u62a5""],[1,""2024\u5e74\u62a5""],[2,""2025\u4e00\u5b63\u62a5""],[3,""2025\u4e2d\u62a5""],[4,""2025\u4e09\u5b63\u62a5""],[5,""2025\u5e74\u62a5""],[6,""2026\u4e00\u5b63\u62a5""],[7,""2026\u4e2d\u62a5""]],""\u5143""] 每股未分配利润单位：元 同行业排名第19位 查看明细>> 总股本： 4.22亿股 市净率： 14.29 净利润： 8.63亿元 同比增长619.5% [[[0,""1.96""],[1,""2.56""],[2,""0.51""],[3,""1.20""],[4,""2.02""],[5,""3.08""],[6,""2.20""],[7,""8.63""]],[[0,""2024\u4e09\u5b63\u62a5""],[1,""2024\u5e74\u62a5""],[2,""2025\u4e00\u5b63\u62a5""],[3,""2025\u4e2d\u62a5""],[4,""2025\u4e09\u5b63\u62a5""],[5,""2025\u5e74\u62a5""],[6,""2026\u4e00\u5b63\u62a5""],[7,""2026\u4e2d\u62a5""]],""\u4ebf\u5143""] 净利润单位：亿元 同行业排名第12位 查看明细>> 每股经营现金流：0.88元 [[[0,""0.89""],[1,""0.99""],[2,""0.32""],[3,""0.72""],[4,""0.79""],[5,""1.06""],[6,""-0.04""],[7,""0.88""]],[[0,""2024\u4e09\u5b63\u62a5""],[1,""2024\u5e74\u62a5""],[2,""2025\u4e00\u5b63\u62a5""],[3,""2025\u4e2d\u62a5""],[4,""2025\u4e09\u5b63\u62a5""],[5,""2025\u5e74\u62a5""],[6,""2026\u4e00\u5b63\u62a5""],[7,""2026\u4e2d\u62a5""]],""\u5143""] 每股经营现金流单位：元 同行业排名第14位 查看明细>> 总市值：554亿 每股净资产：9.20元 [[[0,""6.88""],[1,""7.05""],[2,""7.20""],[3,""7.19""],[4,""7.41""],[5,""7.68""],[6,""7.64""],[7,""9.20""]],[[0,""2024\u4e09\u5b63\u62a5""],[1,""2024\u5e74\u62a5""],[2,""2025\u4e00\u5b63\u62a5""],[3,""2025\u4e2d\u62a5""],[4,""2025\u4e09\u5b63\u62a5""],[5,""2025\u5e74\u62a5""],[6,""2026\u4e00\u5b63\u62a5""],[7,""2026\u4e2d\u62a5""]],""\u5143""] 每股净资产单位：元 同行业排名第30位 查看明细>> 毛利率：55.36% [[[0,""35.99""],[1,""35.79""],[2,""33.29""],[3,""33.19""],[4,""33.42""],[5,""34.16""],[6,""46.05""],[7,""55.36""]],[[0,""2024\u4e09\u5b63\u62a5""],[1,""2024\u5e74\u62a5""],[2,""2025\u4e00\u5b63\u62a5""],[3,""2025\u4e2d\u62a5""],[4,""2025\u4e09\u5b63\u62a5""],[5,""2025\u5e74\u62a5""],[6,""2026\u4e00\u5b63\u62a5""],[7,""2026\u4e2d\u62a5""]],""""] 毛利率单位：% 同行业排名第9位 查看明细>> 净资产收益率：25.35% [[[0,""7.54""],[1,""9.54""],[2,""1.71""],[3,""3.96""],[4,""6.64""],[5,""9.97""],[6,""6.81""],[7,""25.35""]],[[0,""2024\u4e09\u5b63\u62a5""],[1,""2024\u5e74\u62a5""],[2,""2025\u4e00\u5b63\u62a5""],[3,""2025\u4e2d\u62a5""],[4,""2025\u4e09\u5b63\u62a5""],[5,""2025\u5e74\u62a5""],[6,""2026\u4e00\u5b63\u62a5""],[7,""2026\u4e2d\u62a5""]],""""] 净资产收益率单位：% 同行业排名第7位 查看明细>> 流通A股：1.87亿股 最新解禁： 2027-03-29 解禁股份类型： 首发原股东限售股份 解禁数量： 2.34亿股 公告解禁数量为上市公司公告符合解禁条件的股份数量。实际可售为公告解禁数量除去股权质押、高管禁售等部分，实际可以在市场出售的股份数量。 解禁时间 公告解禁 实际可售 解禁股成本 2025-08-11 65.52万 65.52万 -- 2025-03-28 1.49亿 1.49亿 -- 2024-09-30 231.77万 231.77万 -- 历史解禁详情表 占总股本比例： 55.56% 更新日期： 2026-08-28 总质押股份数量： 2526.36万股 重要股东质押数量（质押中） 股东名称 质押数量 占所持股份比 占总股本比 Elite Star Holdings Limited 2526.36万股 71.20% 5.99% *仅展示上市公司公告披露的股东的质押情况 质押股份占A股总股本比： 5.99% [[""5.9900"",""5.9900"",""5.9900"",""5.9900"",""5.9900"",""5.9900"",""5.9900"",""5.9900"",""5.9900"",""5.9900"",""5.9900"",""5.9900""],[""2026-06-12"",""2026-06-18"",""2026-06-26"",""2026-07-03"",""2026-07-10"",""2026-07-17"",""2026-07-24"",""2026-07-31"",""2026-08-07"",""2026-08-14"",""2026-08-21"",""2026-08-28""]] 质押股份占A股总股本比单位：% *数据来源：中登公司及上市公司最新公布的质押公告 以上为中报 您对此栏目的评价： 有用 0 没用 0 提建议 公司名称： 公司简称： 上市场所： 所属行业： 所属地域：",IPC SoC及NVR SoC出货量全球第一，中国第二大行车记录仪芯片厂商，长期聚焦端边侧AI芯片赛道，已覆盖智能机器人芯片,,,,,,49.35%,,330.29%,,41.06%,46.05%,22.26%,,一季报,554.0,26.58,半导体,46.05,22.26,49.35,330.29,41.06,,,0,0,83.9972688581914,99.675,72.39,58.94,56.0,50.0,55.0,48.0,56.0,60.0,54.0,42.0,67.18,B级（重点跟进）
603383,顶点软件,上交所,新交易体系业务、财富管理业务、新资管体系业务、大运营体系业务以及其他金融行业业务。,"软件开发 概念行情贴合度： 互联网金融， 区块链， 华为鲲鹏， AI应用， AI智能体， DeepSeek概念， 福建自贸区， 海峡两岸， 鸿蒙概念， 沪股通， 华为概念， 融资融券， 腾讯概念， 信创 详情>> 对比>> 可比公司() 全部 收起 家未上市公司 全部 收起 市盈率(动态)： 41.532 每股收益：0.35元 [[[0,""0.50""],[1,""0.95""],[2,""0.10""],[3,""0.26""],[4,""0.51""],[5,""0.87""],[6,""0.23""],[7,""0.35""]],[[0,""2024\u4e09\u5b63\u62a5""],[1,""2024\u5e74\u62a5""],[2,""2025\u4e00\u5b63\u62a5""],[3,""2025\u4e2d\u62a5""],[4,""2025\u4e09\u5b63\u62a5""],[5,""2025\u5e74\u62a5""],[6,""2026\u4e00\u5b63\u62a5""],[7,""2026\u4e2d\u62a5""]],""\u5143""] 每股收益单位：元 同行业排名第6位 查看明细>> 每股资本公积金：2.32元 [[[0,""2.30""],[1,""2.30""],[2,""2.31""],[3,""2.31""],[4,""2.31""],[5,""2.32""],[6,""2.32""],[7,""2.32""]],[[0,""2024\u4e09\u5b63\u62a5""],[1,""2024\u5e74\u62a5""],[2,""2025\u4e00\u5b63\u62a5""],[3,""2025\u4e2d\u62a5""],[4,""2025\u4e09\u5b63\u62a5""],[5,""2025\u5e74\u62a5""],[6,""2026\u4e00\u5b63\u62a5""],[7,""2026\u4e2d\u62a5""]],""\u5143""] 每股资本公积金单位：元 同行业排名第47位 查看明细>> 分类： 小盘股 市盈率(静态)： 33.59 营业总收入： 2.48亿元 同比增长0.97% [[[0,""4.21""],[1,""6.64""],[2,""1.42""],[3,""2.46""],[4,""3.85""],[5,""5.82""],[6,""1.50""],[7,""2.48""]],[[0,""2024\u4e09\u5b63\u62a5""],[1,""2024\u5e74\u62a5""],[2,""2025\u4e00\u5b63\u62a5""],[3,""2025\u4e2d\u62a5""],[4,""2025\u4e09\u5b63\u62a5""],[5,""2025\u5e74\u62a5""],[6,""2026\u4e00\u5b63\u62a5""],[7,""2026\u4e2d\u62a5""]],""\u4ebf\u5143""] 营业总收入单位：亿元 同行业排名第52位 查看明细>> 每股未分配利润：3.25元 [[[0,""3.26""],[1,""3.43""],[2,""3.53""],[3,""3.08""],[4,""3.33""],[5,""3.49""],[6,""3.72""],[7,""3.25""]],[[0,""2024\u4e09\u5b63\u62a5""],[1,""2024\u5e74\u62a5""],[2,""2025\u4e00\u5b63\u62a5""],[3,""2025\u4e2d\u62a5""],[4,""2025\u4e09\u5b63\u62a5""],[5,""2025\u5e74\u62a5""],[6,""2026\u4e00\u5b63\u62a5""],[7,""2026\u4e2d\u62a5""]],""\u5143""] 每股未分配利润单位：元 同行业排名第8位 查看明细>> 总股本： 2.05亿股 市净率： 4.13 净利润： 0.72亿元 同比增长36.3% [[[0,""1.01""],[1,""1.94""],[2,""0.21""],[3,""0.53""],[4,""1.03""],[5,""1.78""],[6,""0.46""],[7,""0.72""]],[[0,""2024\u4e09\u5b63\u62a5""],[1,""2024\u5e74\u62a5""],[2,""2025\u4e00\u5b63\u62a5""],[3,""2025\u4e2d\u62a5""],[4,""2025\u4e09\u5b63\u62a5""],[5,""2025\u5e74\u62a5""],[6,""2026\u4e00\u5b63\u62a5""],[7,""2026\u4e2d\u62a5""]],""\u4ebf\u5143""] 净利润单位：亿元 同行业排名第13位 查看明细>> 每股经营现金流：-0.63元 [[[0,""-0.61""],[1,""0.94""],[2,""-0.44""],[3,""-0.62""],[4,""-0.53""],[5,""1.10""],[6,""-0.48""],[7,""-0.63""]],[[0,""2024\u4e09\u5b63\u62a5""],[1,""2024\u5e74\u62a5""],[2,""2025\u4e00\u5b63\u62a5""],[3,""2025\u4e2d\u62a5""],[4,""2025\u4e09\u5b63\u62a5""],[5,""2025\u5e74\u62a5""],[6,""2026\u4e00\u5b63\u62a5""],[7,""2026\u4e2d\u62a5""]],""\u5143""] 每股经营现金流单位：元 同行业排名第74位 查看明细>> 总市值：59亿 每股净资产：7.06元 [[[0,""6.88""],[1,""7.19""],[2,""7.29""],[3,""6.85""],[4,""7.11""],[5,""7.32""],[6,""7.54""],[7,""7.06""]],[[0,""2024\u4e09\u5b63\u62a5""],[1,""2024\u5e74\u62a5""],[2,""2025\u4e00\u5b63\u62a5""],[3,""2025\u4e2d\u62a5""],[4,""2025\u4e09\u5b63\u62a5""],[5,""2025\u5e74\u62a5""],[6,""2026\u4e00\u5b63\u62a5""],[7,""2026\u4e2d\u62a5""]],""\u5143""] 每股净资产单位：元 同行业排名第27位 查看明细>> 毛利率：71.01% [[[0,""70.58""],[1,""67.05""],[2,""69.03""],[3,""70.03""],[4,""71.10""],[5,""70.72""],[6,""73.53""],[7,""71.01""]],[[0,""2024\u4e09\u5b63\u62a5""],[1,""2024\u5e74\u62a5""],[2,""2025\u4e00\u5b63\u62a5""],[3,""2025\u4e2d\u62a5""],[4,""2025\u4e09\u5b63\u62a5""],[5,""2025\u5e74\u62a5""],[6,""2026\u4e00\u5b63\u62a5""],[7,""2026\u4e2d\u62a5""]],""""] 毛利率单位：% 同行业排名第13位 查看明细>> 净资产收益率：4.69% [[[0,""6.92""],[1,""13.09""],[2,""1.43""],[3,""3.57""],[4,""7.01""],[5,""11.92""],[6,""3.04""],[7,""4.69""]],[[0,""2024\u4e09\u5b63\u62a5""],[1,""2024\u5e74\u62a5""],[2,""2025\u4e00\u5b63\u62a5""],[3,""2025\u4e2d\u62a5""],[4,""2025\u4e09\u5b63\u62a5""],[5,""2025\u5e74\u62a5""],[6,""2026\u4e00\u5b63\u62a5""],[7,""2026\u4e2d\u62a5""]],""""] 净资产收益率单位：% 同行业排名第5位 查看明细>> 流通A股：2.05亿股 以上为中报 您对此栏目的评价： 有用 0 没用 0 提建议 公司名称： 公司简称： 上市场所： 所属行业： 所属地域：",国内领先的平台型数字服务提供商，深耕证券行业信息化领域,,,,,,5.34%,,117.79%,,15.45%,73.53%,30.61%,,一季报,59.0,2.48,软件开发,73.53,30.61,5.34,117.79,15.45,,,0,0,63.21832530470099,77.67,94.118,84.55,40.0,50.0,55.0,48.0,46.0,60.0,80.0,58.0,67.13,B级（重点跟进）
688059,华锐精密,上交所,硬质合金数控刀具的研发、生产和销售业务。,"通用设备 概念行情贴合度： PCB概念， 工业母机， 专精特新， 2026一季报预增， 2026中报预增， 沪股通， 机器人概念， 融资融券 详情>> 财务分析： 绩优股 对比>> 可比公司() 全部 收起 家未上市公司 全部 收起 市盈率(动态)： 26.419 每股收益：1.70元 (分红转增后) [[[0,""0.34""],[1,""0.98""],[2,""1.58""],[3,""1.47""],[4,""2.13""],[5,""1.83""],[6,""2.43""],[7,""1.70""]],[[0,""\u5206\u7ea2\u8f6c\u589e""],[1,""2025\u4e2d\u62a5""],[2,""2025\u4e09\u5b63\u62a5""],[3,""\u589e\u53d1""],[4,""2025\u5e74\u62a5""],[5,""2026\u4e00\u5b63\u62a5""],[6,""2026\u4e2d\u62a5""],[7,""\u5206\u7ea2\u8f6c\u589e""]],""\u5143""] 每股收益单位：元 同行业排名第1位 查看明细>> 每股资本公积金：8.60元 [[[0,""6.58""],[1,""6.29""],[2,""6.29""],[3,""5.86""],[4,""7.90""],[5,""12.04""],[6,""12.04""],[7,""8.60""]],[[0,""\u5206\u7ea2\u8f6c\u589e""],[1,""2025\u4e2d\u62a5""],[2,""2025\u4e09\u5b63\u62a5""],[3,""\u589e\u53d1""],[4,""2025\u5e74\u62a5""],[5,""2026\u4e00\u5b63\u62a5""],[6,""2026\u4e2d\u62a5""],[7,""\u5206\u7ea2\u8f6c\u589e""]],""\u5143""] 每股资本公积金单位：元 同行业排名第3位 查看明细>> 分类： 中盘股 市盈率(静态)： 67.33 营业总收入： 6.21亿元 同比增长19.7% [[[0,""2.22""],[1,""5.19""],[2,""7.71""],[3,""7.71""],[4,""10.00""],[5,""4.18""],[6,""6.21""],[7,""6.21""]],[[0,""\u5206\u7ea2\u8f6c\u589e""],[1,""2025\u4e2d\u62a5""],[2,""2025\u4e09\u5b63\u62a5""],[3,""\u589e\u53d1""],[4,""2025\u5e74\u62a5""],[5,""2026\u4e00\u5b63\u62a5""],[6,""2026\u4e2d\u62a5""],[7,""\u5206\u7ea2\u8f6c\u589e""]],""\u4ebf\u5143""] 营业总收入单位：亿元 同行业排名第36位 查看明细>> 每股未分配利润：5.89元 (分红转增后) [[[0,""6.75""],[1,""6.96""],[2,""7.56""],[3,""7.04""],[4,""6.91""],[5,""8.22""],[6,""8.24""],[7,""5.89""]],[[0,""\u5206\u7ea2\u8f6c\u589e""],[1,""2025\u4e2d\u62a5""],[2,""2025\u4e09\u5b63\u62a5""],[3,""\u589e\u53d1""],[4,""2025\u5e74\u62a5""],[5,""2026\u4e00\u5b63\u62a5""],[6,""2026\u4e2d\u62a5""],[7,""\u5206\u7ea2\u8f6c\u589e""]],""\u5143""] 每股未分配利润单位：元 同行业排名第2位 查看明细>> 总股本： 1.40亿股 市净率： 5.78 净利润： 2.38亿元 同比增长178.32% [[[0,""0.29""],[1,""0.85""],[2,""1.37""],[3,""1.37""],[4,""1.87""],[5,""1.75""],[6,""2.38""],[7,""2.38""]],[[0,""\u5206\u7ea2\u8f6c\u589e""],[1,""2025\u4e2d\u62a5""],[2,""2025\u4e09\u5b63\u62a5""],[3,""\u589e\u53d1""],[4,""2025\u5e74\u62a5""],[5,""2026\u4e00\u5b63\u62a5""],[6,""2026\u4e2d\u62a5""],[7,""\u5206\u7ea2\u8f6c\u589e""]],""\u4ebf\u5143""] 净利润单位：亿元 同行业排名第7位 查看明细>> 每股经营现金流：-0.26元 (分红转增后) [[[0,""0.04""],[1,""1.16""],[2,""2.12""],[3,""1.97""],[4,""2.99""],[5,""0.0037""],[6,""-0.37""],[7,""-0.26""]],[[0,""\u5206\u7ea2\u8f6c\u589e""],[1,""2025\u4e2d\u62a5""],[2,""2025\u4e09\u5b63\u62a5""],[3,""\u589e\u53d1""],[4,""2025\u5e74\u62a5""],[5,""2026\u4e00\u5b63\u62a5""],[6,""2026\u4e2d\u62a5""],[7,""\u5206\u7ea2\u8f6c\u589e""]],""\u5143""] 每股经营现金流单位：元 同行业排名第56位 查看明细>> 总市值：125亿 每股净资产：15.53元 [[[0,""14.39""],[1,""14.61""],[2,""15.21""],[3,""16.27""],[4,""16.31""],[5,""21.72""],[6,""21.75""],[7,""15.53""]],[[0,""\u5206\u7ea2\u8f6c\u589e""],[1,""2025\u4e2d\u62a5""],[2,""2025\u4e09\u5b63\u62a5""],[3,""\u589e\u53d1""],[4,""2025\u5e74\u62a5""],[5,""2026\u4e00\u5b63\u62a5""],[6,""2026\u4e2d\u62a5""],[7,""\u5206\u7ea2\u8f6c\u589e""]],""\u5143""] 每股净资产单位：元 同行业排名第1位 查看明细>> 毛利率：55.80% [[[0,""35.49""],[1,""37.54""],[2,""39.52""],[3,""39.52""],[4,""40.43""],[5,""57.27""],[6,""55.80""],[7,""55.80""]],[[0,""\u5206\u7ea2\u8f6c\u589e""],[1,""2025\u4e2d\u62a5""],[2,""2025\u4e09\u5b63\u62a5""],[3,""\u589e\u53d1""],[4,""2025\u5e74\u62a5""],[5,""2026\u4e00\u5b63\u62a5""],[6,""2026\u4e2d\u62a5""],[7,""\u5206\u7ea2\u8f6c\u589e""]],""""] 毛利率单位：% 同行业排名第2位 查看明细>> 净资产收益率：12.14% [[[0,""2.17""],[1,""6.22""],[2,""9.90""],[3,""9.90""],[4,""14.07""],[5,""9.58""],[6,""12.14""],[7,""12.14""]],[[0,""\u5206\u7ea2\u8f6c\u589e""],[1,""2025\u4e2d\u62a5""],[2,""2025\u4e09\u5b63\u62a5""],[3,""\u589e\u53d1""],[4,""2025\u5e74\u62a5""],[5,""2026\u4e00\u5b63\u62a5""],[6,""2026\u4e2d\u62a5""],[7,""\u5206\u7ea2\u8f6c\u589e""]],""""] 净资产收益率单位：% 同行业排名第7位 查看明细>> 流通A股：1.31亿股 最新解禁： 2028-11-20 解禁股份类型： 定向增发机构配售股份 解禁数量： 897.15万股 公告解禁数量为上市公司公告符合解禁条件的股份数量。实际可售为公告解禁数量除去股权质押、高管禁售等部分，实际可以在市场出售的股份数量。 解禁时间 公告解禁 实际可售 解禁股成本 2024-11-28 40.66万 40.66万 -- 2024-02-08 2623.32万 2351.90万 -- 2023-12-05 23.69万 23.69万 -- 历史解禁详情表 占总股本比例： 6.41% 更新日期： 2026-08-28 总质押股份数量： 361.20万股 重要股东质押数量（质押中） 股东名称 质押数量 占所持股份比 占总股本比 张平衡 140.00万股 62.99% 1.00% 肖旭荃 221.20万股 99.52% 1.58% *仅展示上市公司公告披露的股东的质押情况 质押股份占A股总股本比： 2.58% [[""2.5800"",""2.5800"",""2.5800"",""2.5800"",""2.5800"",""2.5800"",""2.5800"",""2.5800"",""2.5800"",""2.5800"",""2.5800"",""2.5800""],[""2026-06-12"",""2026-06-18"",""2026-06-26"",""2026-07-03"",""2026-07-10"",""2026-07-17"",""2026-07-24"",""2026-07-31"",""2026-08-07"",""2026-08-14"",""2026-08-21"",""2026-08-28""]] 质押股份占A股总股本比单位：% *数据来源：中登公司及上市公司最新公布的质押公告 以上为2026年07月份分红实施后 绩优股条件[成分股] 指标名称 指标数据 判断条件 每股收益(ttm) 2.42元 每股收益大于0.5 销售毛利率 40.43 毛利率大于30 市盈率(上个交易日) 26.42 市盈率小于30 问财百科： 绩优股具有较高的投资回报和投资价值。其公司拥有资金、市场、信誉等方面的优势，对各种市场变化具有较强的承受和适应能力，绩优股的股价一般相对稳定且呈长期上升趋势。 您对此栏目的评价： 有用 0 没用 0 提建议 公司名称： 公司简称： 上市场所： 所属行业： 所属地域：",国内先进的硬质合金切削刀具制造商,,,,,,88.26%,,499.47%,,32.89%,57.27%,41.88%,,一季报,125.0,6.21,通用设备,57.27,41.88,88.26,499.47,32.89,,,0,0,70.399385249835,100.0,84.362,67.11,48.0,50.0,55.0,48.0,38.0,60.0,64.0,42.0,67.0,B级（重点跟进）
603256,宏和科技,上交所,高端电子级玻璃纤维布、电子级玻璃纤维纱的研发、生产和销售。,"电子化学品Ⅱ 概念行情贴合度： PCB概念， 苹果概念， 华为手机， 2026中报预增， 5G， 海峡两岸， 沪股通， 华为概念， 数据中心(AIDC)， 消费电子概念， 芯片概念， 专精特新 详情>> 对比>> 可比公司() 全部 收起 家未上市公司 全部 收起 市盈率(动态)： 175.858 每股收益：0.42元 [[[0,""0.03""],[1,""0.04""],[2,""0.10""],[3,""0.16""],[4,""0.23""],[5,""0.22""],[6,""0.16""],[7,""0.42""]],[[0,""2024\u5e74\u62a5""],[1,""2025\u4e00\u5b63\u62a5""],[2,""2025\u4e2d\u62a5""],[3,""2025\u4e09\u5b63\u62a5""],[4,""2025\u5e74\u62a5""],[5,""\u589e\u53d1""],[6,""2026\u4e00\u5b63\u62a5""],[7,""2026\u4e2d\u62a5""]],""\u5143""] 每股收益单位：元 同行业排名第14位 查看明细>> 每股资本公积金：1.40元 [[[0,""0.35""],[1,""0.35""],[2,""0.35""],[3,""0.35""],[4,""0.35""],[5,""0.34""],[6,""1.40""],[7,""1.40""]],[[0,""2024\u5e74\u62a5""],[1,""2025\u4e00\u5b63\u62a5""],[2,""2025\u4e2d\u62a5""],[3,""2025\u4e09\u5b63\u62a5""],[4,""2025\u5e74\u62a5""],[5,""\u589e\u53d1""],[6,""2026\u4e00\u5b63\u62a5""],[7,""2026\u4e2d\u62a5""]],""\u5143""] 每股资本公积金单位：元 同行业排名第35位 查看明细>> 分类： 超大盘股 市盈率(静态)： 661.03 营业总收入： 10.48亿元 同比增长90.39% [[[0,""8.35""],[1,""2.46""],[2,""5.50""],[3,""8.52""],[4,""11.71""],[5,""11.71""],[6,""4.42""],[7,""10.48""]],[[0,""2024\u5e74\u62a5""],[1,""2025\u4e00\u5b63\u62a5""],[2,""2025\u4e2d\u62a5""],[3,""2025\u4e09\u5b63\u62a5""],[4,""2025\u5e74\u62a5""],[5,""\u589e\u53d1""],[6,""2026\u4e00\u5b63\u62a5""],[7,""2026\u4e2d\u62a5""]],""\u4ebf\u5143""] 营业总收入单位：亿元 同行业排名第16位 查看明细>> 每股未分配利润：0.75元 [[[0,""0.19""],[1,""0.23""],[2,""0.29""],[3,""0.35""],[4,""0.41""],[5,""0.40""],[6,""0.55""],[7,""0.75""]],[[0,""2024\u5e74\u62a5""],[1,""2025\u4e00\u5b63\u62a5""],[2,""2025\u4e2d\u62a5""],[3,""2025\u4e09\u5b63\u62a5""],[4,""2025\u5e74\u62a5""],[5,""\u589e\u53d1""],[6,""2026\u4e00\u5b63\u62a5""],[7,""2026\u4e2d\u62a5""]],""\u5143""] 每股未分配利润单位：元 同行业排名第32位 查看明细>> 总股本： 9.05亿股 市净率： 45.26 净利润： 3.79亿元 同比增长334.32% [[[0,""0.23""],[1,""0.31""],[2,""0.87""],[3,""1.39""],[4,""2.02""],[5,""2.02""],[6,""1.40""],[7,""3.79""]],[[0,""2024\u5e74\u62a5""],[1,""2025\u4e00\u5b63\u62a5""],[2,""2025\u4e2d\u62a5""],[3,""2025\u4e09\u5b63\u62a5""],[4,""2025\u5e74\u62a5""],[5,""\u589e\u53d1""],[6,""2026\u4e00\u5b63\u62a5""],[7,""2026\u4e2d\u62a5""]],""\u4ebf\u5143""] 净利润单位：亿元 同行业排名第3位 查看明细>> 每股经营现金流：0.31元 [[[0,""0.20""],[1,""0.04""],[2,""0.11""],[3,""0.20""],[4,""0.33""],[5,""0.32""],[6,""0.05""],[7,""0.31""]],[[0,""2024\u5e74\u62a5""],[1,""2025\u4e00\u5b63\u62a5""],[2,""2025\u4e2d\u62a5""],[3,""2025\u4e09\u5b63\u62a5""],[4,""2025\u5e74\u62a5""],[5,""\u589e\u53d1""],[6,""2026\u4e00\u5b63\u62a5""],[7,""2026\u4e2d\u62a5""]],""\u5143""] 每股经营现金流单位：元 同行业排名第16位 查看明细>> 总市值：1335亿 每股净资产：3.26元 [[[0,""1.65""],[1,""1.68""],[2,""1.75""],[3,""1.80""],[4,""1.88""],[5,""2.91""],[6,""3.06""],[7,""3.26""]],[[0,""2024\u5e74\u62a5""],[1,""2025\u4e00\u5b63\u62a5""],[2,""2025\u4e2d\u62a5""],[3,""2025\u4e09\u5b63\u62a5""],[4,""2025\u5e74\u62a5""],[5,""\u589e\u53d1""],[6,""2026\u4e00\u5b63\u62a5""],[7,""2026\u4e2d\u62a5""]],""\u5143""] 每股净资产单位：元 同行业排名第37位 查看明细>> 毛利率：59.34% [[[0,""17.37""],[1,""28.06""],[2,""31.36""],[3,""32.62""],[4,""35.57""],[5,""35.57""],[6,""55.65""],[7,""59.34""]],[[0,""2024\u5e74\u62a5""],[1,""2025\u4e00\u5b63\u62a5""],[2,""2025\u4e2d\u62a5""],[3,""2025\u4e09\u5b63\u62a5""],[4,""2025\u5e74\u62a5""],[5,""\u589e\u53d1""],[6,""2026\u4e00\u5b63\u62a5""],[7,""2026\u4e2d\u62a5""]],""""] 毛利率单位：% 同行业排名第2位 查看明细>> 净资产收益率：15.28% [[[0,""1.59""],[1,""2.11""],[2,""5.85""],[3,""9.14""],[4,""13.03""],[5,""13.03""],[6,""8.15""],[7,""15.28""]],[[0,""2024\u5e74\u62a5""],[1,""2025\u4e00\u5b63\u62a5""],[2,""2025\u4e2d\u62a5""],[3,""2025\u4e09\u5b63\u62a5""],[4,""2025\u5e74\u62a5""],[5,""\u589e\u53d1""],[6,""2026\u4e00\u5b63\u62a5""],[7,""2026\u4e2d\u62a5""]],""""] 净资产收益率单位：% 同行业排名第1位 查看明细>> 流通A股：8.80亿股 最新解禁： 2026-09-04 解禁股份类型： 定向增发机构配售股份 解禁数量： 2485.89万股 公告解禁数量为上市公司公告符合解禁条件的股份数量。实际可售为公告解禁数量除去股权质押、高管禁售等部分，实际可以在市场出售的股份数量。 解禁时间 公告解禁 实际可售 解禁股成本 2023-07-21 192.75万 186.85万 -- 2022-07-20 7.42亿 7.42亿 -- 2020-07-20 4817.30万 4817.30万 -- 历史解禁详情表 占总股本比例： 2.75% 以上为中报 您对此栏目的评价： 有用 0 没用 0 提建议 公司名称： 公司简称： 上市场所： 所属行业： 所属地域：",具备全球领先的高端电子布制造能力，国内少数具备极薄布生产能力的厂商，下游应用于覆铜板及印制电路板行业,,,,,,79.72%,,354.22%,,38.44%,55.65%,31.72%,,一季报,1335.0,10.48,电子化学品,55.65,31.72,79.72,354.22,38.44,,,0,0,80.57540009612056,100.0,83.39,61.56,48.0,50.0,55.0,48.0,38.0,60.0,54.0,42.0,66.98,B级（重点跟进）
300042,朗科科技,深交所,存储产品研发、生产和销售。,"计算机设备 概念行情贴合度： 存储芯片， 汽车芯片， 芯片概念， AI眼镜， DeepSeek概念， 东数西算(算力)， 国企改革， 华为昇腾， 华为鲲鹏， 跨境电商， 人民币贬值受益， 融资融券， 深股通， 时空大数据， 算力租赁， 消费电子概念， 虚拟数字人， 粤港澳大湾区， 知识产权保护， 智慧城市， 智能穿戴 详情>> 对比>> 可比公司() 全部 收起 家未上市公司 全部 收起 市盈率(动态)： 42.639 每股收益：0.47元 [[[0,""-0.34""],[1,""-0.50""],[2,""-0.06""],[3,""-0.09""],[4,""-0.14""],[5,""0.14""],[6,""0.41""],[7,""0.47""]],[[0,""2024\u4e09\u5b63\u62a5""],[1,""2024\u5e74\u62a5""],[2,""2025\u4e00\u5b63\u62a5""],[3,""2025\u4e2d\u62a5""],[4,""2025\u4e09\u5b63\u62a5""],[5,""2025\u5e74\u62a5""],[6,""2026\u4e00\u5b63\u62a5""],[7,""2026\u4e2d\u62a5""]],""\u5143""] 每股收益单位：元 同行业排名第14位 查看明细>> 每股资本公积金：2.67元 [[[0,""2.67""],[1,""2.67""],[2,""2.67""],[3,""2.67""],[4,""2.67""],[5,""2.67""],[6,""2.67""],[7,""2.67""]],[[0,""2024\u4e09\u5b63\u62a5""],[1,""2024\u5e74\u62a5""],[2,""2025\u4e00\u5b63\u62a5""],[3,""2025\u4e2d\u62a5""],[4,""2025\u4e09\u5b63\u62a5""],[5,""2025\u5e74\u62a5""],[6,""2026\u4e00\u5b63\u62a5""],[7,""2026\u4e2d\u62a5""]],""\u5143""] 每股资本公积金单位：元 同行业排名第29位 查看明细>> 分类： 中盘股 市盈率(静态)： 298.67 营业总收入： 9.66亿元 同比增长101.76% [[[0,""5.88""],[1,""8.29""],[2,""2.34""],[3,""4.79""],[4,""7.95""],[5,""12.40""],[6,""4.86""],[7,""9.66""]],[[0,""2024\u4e09\u5b63\u62a5""],[1,""2024\u5e74\u62a5""],[2,""2025\u4e00\u5b63\u62a5""],[3,""2025\u4e2d\u62a5""],[4,""2025\u4e09\u5b63\u62a5""],[5,""2025\u5e74\u62a5""],[6,""2026\u4e00\u5b63\u62a5""],[7,""2026\u4e2d\u62a5""]],""\u4ebf\u5143""] 营业总收入单位：亿元 同行业排名第17位 查看明细>> 每股未分配利润：1.75元 [[[0,""1.37""],[1,""1.23""],[2,""1.16""],[3,""1.14""],[4,""1.08""],[5,""1.35""],[6,""1.75""],[7,""1.75""]],[[0,""2024\u4e09\u5b63\u62a5""],[1,""2024\u5e74\u62a5""],[2,""2025\u4e00\u5b63\u62a5""],[3,""2025\u4e2d\u62a5""],[4,""2025\u4e09\u5b63\u62a5""],[5,""2025\u5e74\u62a5""],[6,""2026\u4e00\u5b63\u62a5""],[7,""2026\u4e2d\u62a5""]],""\u5143""] 每股未分配利润单位：元 同行业排名第30位 查看明细>> 总股本： 2.00亿股 市净率： 7.16 净利润： 0.95亿元 同比增长632.43% [[[0,""-0.68""],[1,""-0.99""],[2,""-0.13""],[3,""-0.18""],[4,""-0.28""],[5,""0.27""],[6,""0.82""],[7,""0.95""]],[[0,""2024\u4e09\u5b63\u62a5""],[1,""2024\u5e74\u62a5""],[2,""2025\u4e00\u5b63\u62a5""],[3,""2025\u4e2d\u62a5""],[4,""2025\u4e09\u5b63\u62a5""],[5,""2025\u5e74\u62a5""],[6,""2026\u4e00\u5b63\u62a5""],[7,""2026\u4e2d\u62a5""]],""\u4ebf\u5143""] 净利润单位：亿元 同行业排名第17位 查看明细>> 每股经营现金流：0.05元 [[[0,""-0.10""],[1,""-0.11""],[2,""-0.03""],[3,""-0.14""],[4,""-0.75""],[5,""-1.46""],[6,""-0.28""],[7,""0.05""]],[[0,""2024\u4e09\u5b63\u62a5""],[1,""2024\u5e74\u62a5""],[2,""2025\u4e00\u5b63\u62a5""],[3,""2025\u4e2d\u62a5""],[4,""2025\u4e09\u5b63\u62a5""],[5,""2025\u5e74\u62a5""],[6,""2026\u4e00\u5b63\u62a5""],[7,""2026\u4e2d\u62a5""]],""\u5143""] 每股经营现金流单位：元 同行业排名第14位 查看明细>> 总市值：80亿 每股净资产：5.65元 [[[0,""5.29""],[1,""5.15""],[2,""5.08""],[3,""5.05""],[4,""5.00""],[5,""5.27""],[6,""5.66""],[7,""5.65""]],[[0,""2024\u4e09\u5b63\u62a5""],[1,""2024\u5e74\u62a5""],[2,""2025\u4e00\u5b63\u62a5""],[3,""2025\u4e2d\u62a5""],[4,""2025\u4e09\u5b63\u62a5""],[5,""2025\u5e74\u62a5""],[6,""2026\u4e00\u5b63\u62a5""],[7,""2026\u4e2d\u62a5""]],""\u5143""] 每股净资产单位：元 同行业排名第30位 查看明细>> 毛利率：19.99% [[[0,""9.84""],[1,""9.69""],[2,""5.29""],[3,""7.11""],[4,""7.90""],[5,""13.96""],[6,""25.25""],[7,""19.99""]],[[0,""2024\u4e09\u5b63\u62a5""],[1,""2024\u5e74\u62a5""],[2,""2025\u4e00\u5b63\u62a5""],[3,""2025\u4e2d\u62a5""],[4,""2025\u4e09\u5b63\u62a5""],[5,""2025\u5e74\u62a5""],[6,""2026\u4e00\u5b63\u62a5""],[7,""2026\u4e2d\u62a5""]],""""] 毛利率单位：% 同行业排名第50位 查看明细>> 净资产收益率：8.69% [[[0,""-6.25""],[1,""-10.16""],[2,""-1.24""],[3,""-1.75""],[4,""-2.80""],[5,""2.60""],[6,""7.47""],[7,""8.69""]],[[0,""2024\u4e09\u5b63\u62a5""],[1,""2024\u5e74\u62a5""],[2,""2025\u4e00\u5b63\u62a5""],[3,""2025\u4e2d\u62a5""],[4,""2025\u4e09\u5b63\u62a5""],[5,""2025\u5e74\u62a5""],[6,""2026\u4e00\u5b63\u62a5""],[7,""2026\u4e2d\u62a5""]],""""] 净资产收益率单位：% 同行业排名第10位 查看明细>> 流通A股：2.00亿股 以上为中报 您对此栏目的评价： 有用 0 没用 0 提建议 公司名称： 公司简称： 上市场所： 所属行业： 所属地域：",广东韶关国资委旗下，闪存盘的发明者，在闪存应用及存储产品领域具有一定的优势地位,,,,,,107.84%,,744.43%,,34.18%,25.25%,16.81%,,一季报,80.0,9.66,计算机设备,25.25,16.81,107.84,744.43,34.18,,,1,0,70.19637349836425,100.0,54.46,65.82,48.0,50.0,55.0,100.0,38.0,82.0,46.0,42.0,66.6,B级（重点跟进）
688356,键凯科技,上交所,医用药用聚乙二醇及其活性衍生物的研发、生产和销售。,"化学制药 概念行情贴合度： 创新药， 医美概念， 医疗器械概念， 3D打印， 沪股通， 人民币贬值受益， 融资融券 详情>> 对比>> 可比公司() 全部 收起 家未上市公司 全部 收起 市盈率(动态)： 945.131 每股收益：0.05元 [[[0,""0.54""],[1,""0.49""],[2,""0.20""],[3,""0.36""],[4,""0.67""],[5,""1.02""],[6,""0.37""],[7,""0.05""]],[[0,""2024\u4e09\u5b63\u62a5""],[1,""2024\u5e74\u62a5""],[2,""2025\u4e00\u5b63\u62a5""],[3,""2025\u4e2d\u62a5""],[4,""2025\u4e09\u5b63\u62a5""],[5,""2025\u5e74\u62a5""],[6,""2026\u4e00\u5b63\u62a5""],[7,""2026\u4e2d\u62a5""]],""\u5143""] 每股收益单位：元 同行业排名第31位 查看明细>> 每股资本公积金：11.28元 [[[0,""11.27""],[1,""11.28""],[2,""11.28""],[3,""11.28""],[4,""11.28""],[5,""11.28""],[6,""11.28""],[7,""11.28""]],[[0,""2024\u4e09\u5b63\u62a5""],[1,""2024\u5e74\u62a5""],[2,""2025\u4e00\u5b63\u62a5""],[3,""2025\u4e2d\u62a5""],[4,""2025\u4e09\u5b63\u62a5""],[5,""2025\u5e74\u62a5""],[6,""2026\u4e00\u5b63\u62a5""],[7,""2026\u4e2d\u62a5""]],""\u5143""] 每股资本公积金单位：元 同行业排名第2位 查看明细>> 分类： 小盘股 市盈率(静态)： 89.45 营业总收入： 1.85亿元 同比增长42.65% [[[0,""1.86""],[1,""2.27""],[2,""0.69""],[3,""1.30""],[4,""2.11""],[5,""3.18""],[6,""0.79""],[7,""1.85""]],[[0,""2024\u4e09\u5b63\u62a5""],[1,""2024\u5e74\u62a5""],[2,""2025\u4e00\u5b63\u62a5""],[3,""2025\u4e2d\u62a5""],[4,""2025\u4e09\u5b63\u62a5""],[5,""2025\u5e74\u62a5""],[6,""2026\u4e00\u5b63\u62a5""],[7,""2026\u4e2d\u62a5""]],""\u4ebf\u5143""] 营业总收入单位：亿元 同行业排名第39位 查看明细>> 每股未分配利润：8.91元 [[[0,""8.42""],[1,""8.34""],[2,""8.54""],[3,""8.56""],[4,""8.87""],[5,""9.17""],[6,""9.54""],[7,""8.91""]],[[0,""2024\u4e09\u5b63\u62a5""],[1,""2024\u5e74\u62a5""],[2,""2025\u4e00\u5b63\u62a5""],[3,""2025\u4e2d\u62a5""],[4,""2025\u4e09\u5b63\u62a5""],[5,""2025\u5e74\u62a5""],[6,""2026\u4e00\u5b63\u62a5""],[7,""2026\u4e2d\u62a5""]],""\u5143""] 每股未分配利润单位：元 同行业排名第1位 查看明细>> 总股本： 0.61亿股 市净率： 4.25 净利润： 0.03亿元 同比下降86.76% [[[0,""0.33""],[1,""0.30""],[2,""0.12""],[3,""0.22""],[4,""0.41""],[5,""0.62""],[6,""0.22""],[7,""0.03""]],[[0,""2024\u4e09\u5b63\u62a5""],[1,""2024\u5e74\u62a5""],[2,""2025\u4e00\u5b63\u62a5""],[3,""2025\u4e2d\u62a5""],[4,""2025\u4e09\u5b63\u62a5""],[5,""2025\u5e74\u62a5""],[6,""2026\u4e00\u5b63\u62a5""],[7,""2026\u4e2d\u62a5""]],""\u4ebf\u5143""] 净利润单位：亿元 同行业排名第34位 查看明细>> 每股经营现金流：0.97元 [[[0,""1.08""],[1,""1.98""],[2,""-0.18""],[3,""0.13""],[4,""-0.19""],[5,""1.31""],[6,""0.73""],[7,""0.97""]],[[0,""2024\u4e09\u5b63\u62a5""],[1,""2024\u5e74\u62a5""],[2,""2025\u4e00\u5b63\u62a5""],[3,""2025\u4e2d\u62a5""],[4,""2025\u4e09\u5b63\u62a5""],[5,""2025\u5e74\u62a5""],[6,""2026\u4e00\u5b63\u62a5""],[7,""2026\u4e2d\u62a5""]],""\u5143""] 每股经营现金流单位：元 同行业排名第5位 查看明细>> 总市值：55亿 每股净资产：21.42元 [[[0,""20.91""],[1,""20.89""],[2,""21.08""],[3,""21.10""],[4,""21.40""],[5,""21.72""],[6,""22.08""],[7,""21.42""]],[[0,""2024\u4e09\u5b63\u62a5""],[1,""2024\u5e74\u62a5""],[2,""2025\u4e00\u5b63\u62a5""],[3,""2025\u4e2d\u62a5""],[4,""2025\u4e09\u5b63\u62a5""],[5,""2025\u5e74\u62a5""],[6,""2026\u4e00\u5b63\u62a5""],[7,""2026\u4e2d\u62a5""]],""\u5143""] 每股净资产单位：元 同行业排名第1位 查看明细>> 毛利率：72.06% [[[0,""67.91""],[1,""69.21""],[2,""56.49""],[3,""59.47""],[4,""65.17""],[5,""63.35""],[6,""70.22""],[7,""72.06""]],[[0,""2024\u4e09\u5b63\u62a5""],[1,""2024\u5e74\u62a5""],[2,""2025\u4e00\u5b63\u62a5""],[3,""2025\u4e2d\u62a5""],[4,""2025\u4e09\u5b63\u62a5""],[5,""2025\u5e74\u62a5""],[6,""2026\u4e00\u5b63\u62a5""],[7,""2026\u4e2d\u62a5""]],""""] 毛利率单位：% 同行业排名第3位 查看明细>> 净资产收益率：0.22% [[[0,""2.55""],[1,""2.35""],[2,""0.93""],[3,""1.73""],[4,""3.17""],[5,""4.77""],[6,""1.69""],[7,""0.22""]],[[0,""2024\u4e09\u5b63\u62a5""],[1,""2024\u5e74\u62a5""],[2,""2025\u4e00\u5b63\u62a5""],[3,""2025\u4e2d\u62a5""],[4,""2025\u4e09\u5b63\u62a5""],[5,""2025\u5e74\u62a5""],[6,""2026\u4e00\u5b63\u62a5""],[7,""2026\u4e2d\u62a5""]],""""] 净资产收益率单位：% 同行业排名第35位 查看明细>> 流通A股：0.61亿股 更新日期： 2026-08-28 总质押股份数量： 300.00万股 重要股东质押数量（质押中） 股东名称 质押数量 占所持股份比 占总股本比 吴凯庭 300.00万股 49.07% 4.95% *仅展示上市公司公告披露的股东的质押情况 质押股份占A股总股本比： 4.95% [[""4.9500"",""4.9500"",""4.9500"",""4.9500"",""4.9500"",""4.9500"",""4.9500"",""4.9500"",""4.9500"",""4.9500"",""4.9500"",""4.9500""],[""2026-06-12"",""2026-06-18"",""2026-06-26"",""2026-07-03"",""2026-07-10"",""2026-07-17"",""2026-07-24"",""2026-07-31"",""2026-08-07"",""2026-08-14"",""2026-08-21"",""2026-08-28""]] 质押股份占A股总股本比单位：% *数据来源：中登公司及上市公司最新公布的质押公告 以上为中报 您对此栏目的评价： 有用 0 没用 0 提建议 公司名称： 公司简称： 上市场所： 所属行业： 所属地域：",国内聚乙二醇衍生物医药应用领域领军企业，国内外少数能够自主规模化生产高纯度、低分散性聚乙二醇原料的企业,,,,,,14.53%,,88.67%,,5.74%,70.22%,28.32%,,一季报,55.0,1.85,化学制药,70.22,28.32,14.53,88.67,5.74,,,0,0,61.868680801618254,82.265,92.132,94.26,48.0,50.0,55.0,48.0,38.0,60.0,80.0,42.0,66.44,B级（重点跟进）
600601,方正科技,上交所,印制电路板（PCB）的研发设计、生产制造及销售。,"元件 概念行情贴合度： PCB概念， 共封装光学(CPO)， 5G， 2026中报预增， 东数西算(算力)， 国企改革， 沪股通， 华为概念， 融资融券， 网络游戏， 智慧城市 详情>> 对比>> 可比公司() 全部 收起 家未上市公司 全部 收起 市盈率(动态)： 47.650 每股收益：0.14元 [[[0,""0.05""],[1,""0.06""],[2,""0.02""],[3,""0.04""],[4,""0.08""],[5,""0.11""],[6,""0.05""],[7,""0.14""]],[[0,""2024\u4e09\u5b63\u62a5""],[1,""2024\u5e74\u62a5""],[2,""2025\u4e00\u5b63\u62a5""],[3,""2025\u4e2d\u62a5""],[4,""2025\u4e09\u5b63\u62a5""],[5,""2025\u5e74\u62a5""],[6,""2026\u4e00\u5b63\u62a5""],[7,""2026\u4e2d\u62a5""]],""\u5143""] 每股收益单位：元 同行业排名第30位 查看明细>> 每股资本公积金：1.30元 [[[0,""1.27""],[1,""1.27""],[2,""1.27""],[3,""1.27""],[4,""1.28""],[5,""1.28""],[6,""1.29""],[7,""1.30""]],[[0,""2024\u4e09\u5b63\u62a5""],[1,""2024\u5e74\u62a5""],[2,""2025\u4e00\u5b63\u62a5""],[3,""2025\u4e2d\u62a5""],[4,""2025\u4e09\u5b63\u62a5""],[5,""2025\u5e74\u62a5""],[6,""2026\u4e00\u5b63\u62a5""],[7,""2026\u4e2d\u62a5""]],""\u5143""] 每股资本公积金单位：元 同行业排名第40位 查看明细>> 分类： 大盘股 市盈率(静态)： 115.76 营业总收入： 37.00亿元 同比增长72.89% [[[0,""24.49""],[1,""34.82""],[2,""9.52""],[3,""21.40""],[4,""33.98""],[5,""49.39""],[6,""15.64""],[7,""37.00""]],[[0,""2024\u4e09\u5b63\u62a5""],[1,""2024\u5e74\u62a5""],[2,""2025\u4e00\u5b63\u62a5""],[3,""2025\u4e2d\u62a5""],[4,""2025\u4e09\u5b63\u62a5""],[5,""2025\u5e74\u62a5""],[6,""2026\u4e00\u5b63\u62a5""],[7,""2026\u4e2d\u62a5""]],""\u4ebf\u5143""] 营业总收入单位：亿元 同行业排名第14位 查看明细>> 每股未分配利润：-1.00元 [[[0,""-1.20""],[1,""-1.27""],[2,""-1.26""],[3,""-1.23""],[4,""-1.17""],[5,""-1.13""],[6,""-1.08""],[7,""-1.00""]],[[0,""2024\u4e09\u5b63\u62a5""],[1,""2024\u5e74\u62a5""],[2,""2025\u4e00\u5b63\u62a5""],[3,""2025\u4e2d\u62a5""],[4,""2025\u4e09\u5b63\u62a5""],[5,""2025\u5e74\u62a5""],[6,""2026\u4e00\u5b63\u62a5""],[7,""2026\u4e2d\u62a5""]],""\u5143""] 每股未分配利润单位：元 同行业排名第44位 查看明细>> 总股本： 42.74亿股 市净率： 10.40 净利润： 5.74亿元 同比增长232.38% [[[0,""2.10""],[1,""2.57""],[2,""0.78""],[3,""1.73""],[4,""3.17""],[5,""4.72""],[6,""2.32""],[7,""5.74""]],[[0,""2024\u4e09\u5b63\u62a5""],[1,""2024\u5e74\u62a5""],[2,""2025\u4e00\u5b63\u62a5""],[3,""2025\u4e2d\u62a5""],[4,""2025\u4e09\u5b63\u62a5""],[5,""2025\u5e74\u62a5""],[6,""2026\u4e00\u5b63\u62a5""],[7,""2026\u4e2d\u62a5""]],""\u4ebf\u5143""] 净利润单位：亿元 同行业排名第12位 查看明细>> 每股经营现金流：0.12元 [[[0,""0.09""],[1,""0.11""],[2,""0.05""],[3,""0.04""],[4,""0.13""],[5,""0.14""],[6,""0.11""],[7,""0.12""]],[[0,""2024\u4e09\u5b63\u62a5""],[1,""2024\u5e74\u62a5""],[2,""2025\u4e00\u5b63\u62a5""],[3,""2025\u4e2d\u62a5""],[4,""2025\u4e09\u5b63\u62a5""],[5,""2025\u5e74\u62a5""],[6,""2026\u4e00\u5b63\u62a5""],[7,""2026\u4e2d\u62a5""]],""\u5143""] 每股经营现金流单位：元 同行业排名第31位 查看明细>> 总市值：546亿 每股净资产：1.23元 [[[0,""0.97""],[1,""0.99""],[2,""1.00""],[3,""1.03""],[4,""1.04""],[5,""1.08""],[6,""1.14""],[7,""1.23""]],[[0,""2024\u4e09\u5b63\u62a5""],[1,""2024\u5e74\u62a5""],[2,""2025\u4e00\u5b63\u62a5""],[3,""2025\u4e2d\u62a5""],[4,""2025\u4e09\u5b63\u62a5""],[5,""2025\u5e74\u62a5""],[6,""2026\u4e00\u5b63\u62a5""],[7,""2026\u4e2d\u62a5""]],""\u5143""] 每股净资产单位：元 同行业排名第44位 查看明细>> 毛利率：32.23% [[[0,""21.46""],[1,""21.97""],[2,""21.91""],[3,""22.28""],[4,""23.06""],[5,""25.14""],[6,""30.52""],[7,""32.23""]],[[0,""2024\u4e09\u5b63\u62a5""],[1,""2024\u5e74\u62a5""],[2,""2025\u4e00\u5b63\u62a5""],[3,""2025\u4e2d\u62a5""],[4,""2025\u4e09\u5b63\u62a5""],[5,""2025\u5e74\u62a5""],[6,""2026\u4e00\u5b63\u62a5""],[7,""2026\u4e2d\u62a5""]],""""] 毛利率单位：% 同行业排名第7位 查看明细>> 净资产收益率：11.61% [[[0,""5.31""],[1,""6.46""],[2,""1.89""],[3,""4.11""],[4,""8.45""],[5,""10.27""],[6,""4.88""],[7,""11.61""]],[[0,""2024\u4e09\u5b63\u62a5""],[1,""2024\u5e74\u62a5""],[2,""2025\u4e00\u5b63\u62a5""],[3,""2025\u4e2d\u62a5""],[4,""2025\u4e09\u5b63\u62a5""],[5,""2025\u5e74\u62a5""],[6,""2026\u4e00\u5b63\u62a5""],[7,""2026\u4e2d\u62a5""]],""""] 净资产收益率单位：% 同行业排名第12位 查看明细>> 流通A股：41.70亿股 最新解禁： 2027-08-05 解禁股份类型： 股权激励限售股份 解禁数量： 4137.98万股 公告解禁数量为上市公司公告符合解禁条件的股份数量。实际可售为公告解禁数量除去股权质押、高管禁售等部分，实际可以在市场出售的股份数量。 解禁时间 公告解禁 实际可售 解禁股成本 2010-07-19 4.68亿 4.68亿 -- 历史解禁详情表 占总股本比例： 0.97% 更新日期： 2026-08-28 总质押股份数量： 3.17亿股 重要股东质押数量（质押中） 股东名称 质押数量 占所持股份比 占总股本比 北京方正互联技术有限公司 4618.40万股 100.00% 1.08% 湖南祥鸿置业有限公司 4170.29万股 100.00% 0.98% 胜宏科技(惠州)股份有限公司 2.29亿股 100.00% 5.36% *仅展示上市公司公告披露的股东的质押情况 质押股份占A股总股本比： 7.41% [[""7.4100"",""7.4100"",""7.4100"",""7.4100"",""7.4100"",""7.4100"",""7.4100"",""7.4100"",""7.4100"",""7.4100"",""7.4100"",""7.4100""],[""2026-06-12"",""2026-06-18"",""2026-06-26"",""2026-07-03"",""2026-07-10"",""2026-07-17"",""2026-07-24"",""2026-07-31"",""2026-08-07"",""2026-08-14"",""2026-08-21"",""2026-08-28""]] 质押股份占A股总股本比单位：% *数据来源：中登公司及上市公司最新公布的质押公告 以上为中报 您对此栏目的评价： 有用 0 没用 0 提建议 公司名称： 公司简称： 上市场所： 所属行业： 所属地域：",珠海国资委旗下，内资PCB百强企业，HDI产品国内居前，PCB产品已批量应用于10G-800G光模块,,,,,,64.31%,,195.16%,,54.12%,30.52%,14.81%,,一季报,546.0,37.0,元件,30.52,14.81,64.31,195.16,54.12,,,1,0,85.46852336306311,100.0,55.622,45.88,48.0,50.0,55.0,100.0,38.0,82.0,36.0,42.0,66.41,B级（重点跟进）
688449,联芸科技,上交所,提供数据存储主控芯片、AIoT信号处理及传输芯片的平台型芯片设计。,"半导体 概念行情贴合度： 存储芯片， 汽车芯片， 芯片概念， 2026中报预增， AI PC， 沪股通， 融资融券， 物联网 详情>> 财务分析： 白马股 对比>> 可比公司() 全部 收起 家未上市公司 全部 收起 市盈率(动态)： 30.462 每股收益：1.13元 [[[0,""0.20""],[1,""0.32""],[2,""-0.05""],[3,""0.12""],[4,""0.20""],[5,""0.31""],[6,""0.02""],[7,""1.13""]],[[0,""2024\u4e09\u5b63\u62a5""],[1,""2024\u5e74\u62a5""],[2,""2025\u4e00\u5b63\u62a5""],[3,""2025\u4e2d\u62a5""],[4,""2025\u4e09\u5b63\u62a5""],[5,""2025\u5e74\u62a5""],[6,""2026\u4e00\u5b63\u62a5""],[7,""2026\u4e2d\u62a5""]],""\u5143""] 每股收益单位：元 同行业排名第23位 查看明细>> 每股资本公积金：2.74元 [[[0,""0.63""],[1,""2.55""],[2,""2.58""],[3,""2.61""],[4,""2.64""],[5,""2.67""],[6,""2.70""],[7,""2.74""]],[[0,""2024\u4e09\u5b63\u62a5""],[1,""2024\u5e74\u62a5""],[2,""2025\u4e00\u5b63\u62a5""],[3,""2025\u4e2d\u62a5""],[4,""2025\u4e09\u5b63\u62a5""],[5,""2025\u5e74\u62a5""],[6,""2026\u4e00\u5b63\u62a5""],[7,""2026\u4e2d\u62a5""]],""\u5143""] 每股资本公积金单位：元 同行业排名第45位 查看明细>> 分类： 中盘股 市盈率(静态)： 222.66 营业总收入： 8.54亿元 同比增长40.08% [[[0,""8.25""],[1,""11.74""],[2,""2.41""],[3,""6.10""],[4,""9.21""],[5,""13.27""],[6,""3.55""],[7,""8.54""]],[[0,""2024\u4e09\u5b63\u62a5""],[1,""2024\u5e74\u62a5""],[2,""2025\u4e00\u5b63\u62a5""],[3,""2025\u4e2d\u62a5""],[4,""2025\u4e09\u5b63\u62a5""],[5,""2025\u5e74\u62a5""],[6,""2026\u4e00\u5b63\u62a5""],[7,""2026\u4e2d\u62a5""]],""\u4ebf\u5143""] 营业总收入单位：亿元 同行业排名第34位 查看明细>> 每股未分配利润：1.31元 [[[0,""0.08""],[1,""0.16""],[2,""0.11""],[3,""0.27""],[4,""0.33""],[5,""0.36""],[6,""0.37""],[7,""1.31""]],[[0,""2024\u4e09\u5b63\u62a5""],[1,""2024\u5e74\u62a5""],[2,""2025\u4e00\u5b63\u62a5""],[3,""2025\u4e2d\u62a5""],[4,""2025\u4e09\u5b63\u62a5""],[5,""2025\u5e74\u62a5""],[6,""2026\u4e00\u5b63\u62a5""],[7,""2026\u4e2d\u62a5""]],""\u5143""] 每股未分配利润单位：元 同行业排名第33位 查看明细>> 总股本： 4.60亿股 市净率： 13.01 净利润： 5.20亿元 同比增长825.54% [[[0,""0.73""],[1,""1.18""],[2,""-0.25""],[3,""0.56""],[4,""0.90""],[5,""1.42""],[6,""0.09""],[7,""5.20""]],[[0,""2024\u4e09\u5b63\u62a5""],[1,""2024\u5e74\u62a5""],[2,""2025\u4e00\u5b63\u62a5""],[3,""2025\u4e2d\u62a5""],[4,""2025\u4e09\u5b63\u62a5""],[5,""2025\u5e74\u62a5""],[6,""2026\u4e00\u5b63\u62a5""],[7,""2026\u4e2d\u62a5""]],""\u4ebf\u5143""] 净利润单位：亿元 同行业排名第22位 查看明细>> 每股经营现金流：0.29元 [[[0,""-0.26""],[1,""-0.05""],[2,""-0.0041""],[3,""-0.04""],[4,""0.24""],[5,""0.34""],[6,""0.19""],[7,""0.29""]],[[0,""2024\u4e09\u5b63\u62a5""],[1,""2024\u5e74\u62a5""],[2,""2025\u4e00\u5b63\u62a5""],[3,""2025\u4e2d\u62a5""],[4,""2025\u4e09\u5b63\u62a5""],[5,""2025\u5e74\u62a5""],[6,""2026\u4e00\u5b63\u62a5""],[7,""2026\u4e2d\u62a5""]],""\u5143""] 每股经营现金流单位：元 同行业排名第28位 查看明细>> 总市值：316亿 每股净资产：5.29元 [[[0,""1.72""],[1,""3.72""],[2,""3.69""],[3,""3.90""],[4,""4.00""],[5,""4.14""],[6,""4.19""],[7,""5.29""]],[[0,""2024\u4e09\u5b63\u62a5""],[1,""2024\u5e74\u62a5""],[2,""2025\u4e00\u5b63\u62a5""],[3,""2025\u4e2d\u62a5""],[4,""2025\u4e09\u5b63\u62a5""],[5,""2025\u5e74\u62a5""],[6,""2026\u4e00\u5b63\u62a5""],[7,""2026\u4e2d\u62a5""]],""\u5143""] 每股净资产单位：元 同行业排名第44位 查看明细>> 毛利率：49.85% [[[0,""48.06""],[1,""47.47""],[2,""50.72""],[3,""51.66""],[4,""51.40""],[5,""51.43""],[6,""51.46""],[7,""49.85""]],[[0,""2024\u4e09\u5b63\u62a5""],[1,""2024\u5e74\u62a5""],[2,""2025\u4e00\u5b63\u62a5""],[3,""2025\u4e2d\u62a5""],[4,""2025\u4e09\u5b63\u62a5""],[5,""2025\u5e74\u62a5""],[6,""2026\u4e00\u5b63\u62a5""],[7,""2026\u4e2d\u62a5""]],""""] 毛利率单位：% 同行业排名第20位 查看明细>> 净资产收益率：23.84% [[[0,""12.91""],[1,""17.33""],[2,""-1.45""],[3,""3.21""],[4,""5.07""],[5,""7.86""],[6,""0.46""],[7,""23.84""]],[[0,""2024\u4e09\u5b63\u62a5""],[1,""2024\u5e74\u62a5""],[2,""2025\u4e00\u5b63\u62a5""],[3,""2025\u4e2d\u62a5""],[4,""2025\u4e09\u5b63\u62a5""],[5,""2025\u5e74\u62a5""],[6,""2026\u4e00\u5b63\u62a5""],[7,""2026\u4e2d\u62a5""]],""""] 净资产收益率单位：% 同行业排名第8位 查看明细>> 流通A股：2.93亿股 最新解禁： 2026-11-30 解禁股份类型： 首发战略配售股份 解禁数量： 400.00万股 公告解禁数量为上市公司公告符合解禁条件的股份数量。实际可售为公告解禁数量除去股权质押、高管禁售等部分，实际可以在市场出售的股份数量。 解禁时间 公告解禁 实际可售 解禁股成本 2025-12-01 2.23亿 2.23亿 -- 2025-05-29 490.25万 490.25万 -- 2024-11-29 6509.75万 6509.75万 -- 历史解禁详情表 占总股本比例： 0.87% 以上为中报 白马股条件[成分股] 指标名称 指标数据 判断条件 每股收益(ttm) 1.32元 每股收益大于0.5 净资产收益率(ttm) 24.90% 净资产收益率大于10% 市盈率(上个交易日) 30.46 市盈率小于40 每股净资产 5.29元 每股净资产大于3 营业总收入复合年增长率 32.30% 营业总收入复合年增长率大于20% 净利润复合年增长率 55.99% 净利润复合年增长率大于30% 问财百科： 白马股一般是指其有关的信息已经公开的股票，由于业绩较为明朗，很少存在埋地雷的风险，内幕交易、黑箱操作的可能性大大降低，同时又兼有业绩优良、高成长、低风险的特点，因而具备较高的投资价值，往往为投资者所看好。 您对此栏目的评价： 有用 0 没用 0 提建议 公司名称： 公司简称： 上市场所： 所属行业： 所属地域：",独立固态硬盘主控芯片出货量全球前二，全球为数不多掌握数据存储主控芯片核心技术的企业之一,,,,,,47.38%,,135.73%,,21.32%,51.46%,2.49%,,一季报,316.0,8.54,半导体,51.46,2.49,47.38,135.73,21.32,,,0,1,76.18245254062305,98.69,55.866,78.68,48.0,50.0,55.0,48.0,74.0,60.0,64.0,42.0,66.39,B级（重点跟进）
688072,拓荆科技,上交所,高端半导体专用设备的研发、生产、销售与技术服务。,"半导体 概念行情贴合度： 国家大基金持股， 存储芯片， 先进封装， 沪股通， 融资融券， 芯片概念 详情>> 财务分析： 权重股， 一线蓝筹 对比>> 可比公司() 全部 收起 家未上市公司 全部 收起 市盈率(动态)： 73.372 每股收益：4.62元 (增发后) [[[0,""2.48""],[1,""-0.53""],[2,""0.34""],[3,""2.00""],[4,""3.32""],[5,""2.03""],[6,""4.77""],[7,""4.62""]],[[0,""2024\u5e74\u62a5""],[1,""2025\u4e00\u5b63\u62a5""],[2,""2025\u4e2d\u62a5""],[3,""2025\u4e09\u5b63\u62a5""],[4,""2025\u5e74\u62a5""],[5,""2026\u4e00\u5b63\u62a5""],[6,""2026\u4e2d\u62a5""],[7,""\u589e\u53d1""]],""\u5143""] 每股收益单位：元 同行业排名第1位 查看明细>> 每股资本公积金：30.29元 [[[0,""12.45""],[1,""12.62""],[2,""12.85""],[3,""13.57""],[4,""14.02""],[5,""14.25""],[6,""30.29""],[7,""30.29""]],[[0,""2024\u5e74\u62a5""],[1,""2025\u4e00\u5b63\u62a5""],[2,""2025\u4e2d\u62a5""],[3,""2025\u4e09\u5b63\u62a5""],[4,""2025\u5e74\u62a5""],[5,""2026\u4e00\u5b63\u62a5""],[6,""2026\u4e2d\u62a5""],[7,""\u589e\u53d1""]],""\u5143""] 每股资本公积金单位：元 同行业排名第1位 查看明细>> 分类： 超大盘股 市盈率(静态)： 212.62 营业总收入： 29.13亿元 同比增长49.06% [[[0,""41.03""],[1,""7.09""],[2,""19.54""],[3,""42.20""],[4,""65.19""],[5,""11.12""],[6,""29.13""],[7,""29.13""]],[[0,""2024\u5e74\u62a5""],[1,""2025\u4e00\u5b63\u62a5""],[2,""2025\u4e2d\u62a5""],[3,""2025\u4e09\u5b63\u62a5""],[4,""2025\u5e74\u62a5""],[5,""2026\u4e00\u5b63\u62a5""],[6,""2026\u4e2d\u62a5""],[7,""\u589e\u53d1""]],""\u4ebf\u5143""] 营业总收入单位：亿元 同行业排名第5位 查看明细>> 每股未分配利润：12.82元 (增发后) [[[0,""5.85""],[1,""5.33""],[2,""5.92""],[3,""7.53""],[4,""8.77""],[5,""10.79""],[6,""12.82""],[7,""12.82""]],[[0,""2024\u5e74\u62a5""],[1,""2025\u4e00\u5b63\u62a5""],[2,""2025\u4e2d\u62a5""],[3,""2025\u4e09\u5b63\u62a5""],[4,""2025\u5e74\u62a5""],[5,""2026\u4e00\u5b63\u62a5""],[6,""2026\u4e2d\u62a5""],[7,""\u589e\u53d1""]],""\u5143""] 每股未分配利润单位：元 同行业排名第2位 查看明细>> 总股本： 2.92亿股 市净率： 16.69 净利润： 13.43亿元 同比增长1324.1% [[[0,""6.88""],[1,""-1.47""],[2,""0.94""],[3,""5.57""],[4,""9.27""],[5,""5.71""],[6,""13.43""],[7,""13.43""]],[[0,""2024\u5e74\u62a5""],[1,""2025\u4e00\u5b63\u62a5""],[2,""2025\u4e2d\u62a5""],[3,""2025\u4e09\u5b63\u62a5""],[4,""2025\u5e74\u62a5""],[5,""2026\u4e00\u5b63\u62a5""],[6,""2026\u4e2d\u62a5""],[7,""\u589e\u53d1""]],""\u4ebf\u5143""] 净利润单位：亿元 同行业排名第3位 查看明细>> 每股经营现金流：0.40元 (增发后) [[[0,""-1.01""],[1,""0.04""],[2,""5.60""],[3,""10.07""],[4,""12.87""],[5,""-1.84""],[6,""0.40""],[7,""0.40""]],[[0,""2024\u5e74\u62a5""],[1,""2025\u4e00\u5b63\u62a5""],[2,""2025\u4e2d\u62a5""],[3,""2025\u4e09\u5b63\u62a5""],[4,""2025\u5e74\u62a5""],[5,""2026\u4e00\u5b63\u62a5""],[6,""2026\u4e2d\u62a5""],[7,""\u589e\u53d1""]],""\u5143""] 每股经营现金流单位：元 同行业排名第14位 查看明细>> 总市值：1979亿 每股净资产：40.61元 [[[0,""18.88""],[1,""18.52""],[2,""19.35""],[3,""21.69""],[4,""23.41""],[5,""25.67""],[6,""43.74""],[7,""40.61""]],[[0,""2024\u5e74\u62a5""],[1,""2025\u4e00\u5b63\u62a5""],[2,""2025\u4e2d\u62a5""],[3,""2025\u4e09\u5b63\u62a5""],[4,""2025\u5e74\u62a5""],[5,""2026\u4e00\u5b63\u62a5""],[6,""2026\u4e2d\u62a5""],[7,""\u589e\u53d1""]],""\u5143""] 每股净资产单位：元 同行业排名第2位 查看明细>> 毛利率：41.00% [[[0,""41.69""],[1,""19.89""],[2,""31.96""],[3,""33.28""],[4,""34.95""],[5,""41.69""],[6,""41.00""],[7,""41.00""]],[[0,""2024\u5e74\u62a5""],[1,""2025\u4e00\u5b63\u62a5""],[2,""2025\u4e2d\u62a5""],[3,""2025\u4e09\u5b63\u62a5""],[4,""2025\u5e74\u62a5""],[5,""2026\u4e00\u5b63\u62a5""],[6,""2026\u4e2d\u62a5""],[7,""\u589e\u53d1""]],""""] 毛利率单位：% 同行业排名第11位 查看明细>> 净资产收益率：18.11% [[[0,""14.11""],[1,""-2.81""],[2,""1.76""],[3,""9.78""],[4,""15.77""],[5,""8.25""],[6,""18.11""],[7,""18.11""]],[[0,""2024\u5e74\u62a5""],[1,""2025\u4e00\u5b63\u62a5""],[2,""2025\u4e2d\u62a5""],[3,""2025\u4e09\u5b63\u62a5""],[4,""2025\u5e74\u62a5""],[5,""2026\u4e00\u5b63\u62a5""],[6,""2026\u4e2d\u62a5""],[7,""\u589e\u53d1""]],""""] 净资产收益率单位：% 同行业排名第2位 查看明细>> 流通A股：2.83亿股 最新解禁： 2026-09-03 解禁股份类型： 股权激励一般股份 解禁数量： 149.43万股 公告解禁数量为上市公司公告符合解禁条件的股份数量。实际可售为公告解禁数量除去股权质押、高管禁售等部分，实际可以在市场出售的股份数量。 解禁时间 公告解禁 实际可售 解禁股成本 2026-04-13 34.81万 34.81万 -- 2026-01-15 118.10万 118.10万 -- 2025-10-09 143.48万 143.48万 -- 历史解禁详情表 占总股本比例： 0.51% 以上为2026年07月份增发后 权重股条件[成分股] 问财百科： 权重股就是总股本巨大的上市公司股票，他的股票总数占股票市场股票总数的比重很大，也就权重很大，他的涨跌对股票指数的影响很大。 一线蓝筹条件[成分股] 问财百科： 蓝筹股(blue chip)是指稳定的现金股利政策对公司现金流管理有较高的要求，通常将那些经营业绩较好，具有稳定且较高的现金股利支付的公司股票，多指长期稳定增长的、大型的、传统工业股及金融股。 您对此栏目的评价： 有用 0 没用 0 提建议 公司名称： 公司简称： 上市场所： 所属行业： 所属地域：",国内半导体薄膜沉积设备领军企业，主要供货中芯国际、长江存储等公司,,,,,,56.97%,,488.29%,,60.99%,41.69%,50.54%,,一季报,1979.0,29.13,半导体,41.69,50.54,56.97,488.29,60.99,,,0,0,85.2371738852421,100.0,75.014,39.01,56.0,50.0,55.0,48.0,56.0,60.0,54.0,42.0,66.29,B级（重点跟进）
301190,善水科技,深交所,染料中间体、农药和医药中间体的研发、生产和销售业务。,"化学原料 概念行情贴合度： 幽门螺杆菌概念， 参股银行， 染料， 2026中报预增， 融资融券， 深股通 详情>> 财务分析： 绩优股 对比>> 可比公司() 全部 收起 家未上市公司 全部 收起 市盈率(动态)： 25.771 每股收益：0.41元 [[[0,""0.32""],[1,""0.25""],[2,""0.08""],[3,""0.23""],[4,""0.41""],[5,""0.35""],[6,""0.18""],[7,""0.41""]],[[0,""2024\u4e09\u5b63\u62a5""],[1,""2024\u5e74\u62a5""],[2,""2025\u4e00\u5b63\u62a5""],[3,""2025\u4e2d\u62a5""],[4,""2025\u4e09\u5b63\u62a5""],[5,""2025\u5e74\u62a5""],[6,""2026\u4e00\u5b63\u62a5""],[7,""2026\u4e2d\u62a5""]],""\u5143""] 每股收益单位：元 同行业排名第2位 查看明细>> 每股资本公积金：6.32元 [[[0,""6.32""],[1,""6.32""],[2,""6.32""],[3,""6.32""],[4,""6.32""],[5,""6.32""],[6,""6.32""],[7,""6.32""]],[[0,""2024\u4e09\u5b63\u62a5""],[1,""2024\u5e74\u62a5""],[2,""2025\u4e00\u5b63\u62a5""],[3,""2025\u4e2d\u62a5""],[4,""2025\u4e09\u5b63\u62a5""],[5,""2025\u5e74\u62a5""],[6,""2026\u4e00\u5b63\u62a5""],[7,""2026\u4e2d\u62a5""]],""\u5143""] 每股资本公积金单位：元 同行业排名第3位 查看明细>> 分类： 小盘股 市盈率(静态)： 61.06 营业总收入： 4.77亿元 同比增长56.35% [[[0,""3.73""],[1,""5.05""],[2,""1.28""],[3,""3.05""],[4,""4.99""],[5,""7.70""],[6,""2.06""],[7,""4.77""]],[[0,""2024\u4e09\u5b63\u62a5""],[1,""2024\u5e74\u62a5""],[2,""2025\u4e00\u5b63\u62a5""],[3,""2025\u4e2d\u62a5""],[4,""2025\u4e09\u5b63\u62a5""],[5,""2025\u5e74\u62a5""],[6,""2026\u4e00\u5b63\u62a5""],[7,""2026\u4e2d\u62a5""]],""\u4ebf\u5143""] 营业总收入单位：亿元 同行业排名第13位 查看明细>> 每股未分配利润：2.24元 [[[0,""1.92""],[1,""1.81""],[2,""1.89""],[3,""1.89""],[4,""2.06""],[5,""1.98""],[6,""2.16""],[7,""2.24""]],[[0,""2024\u4e09\u5b63\u62a5""],[1,""2024\u5e74\u62a5""],[2,""2025\u4e00\u5b63\u62a5""],[3,""2025\u4e2d\u62a5""],[4,""2025\u4e09\u5b63\u62a5""],[5,""2025\u5e74\u62a5""],[6,""2026\u4e00\u5b63\u62a5""],[7,""2026\u4e2d\u62a5""]],""\u5143""] 每股未分配利润单位：元 同行业排名第7位 查看明细>> 总股本： 2.15亿股 市净率： 2.20 净利润： 0.85亿元 同比增长78.25% [[[0,""0.67""],[1,""0.53""],[2,""0.17""],[3,""0.48""],[4,""0.84""],[5,""0.72""],[6,""0.38""],[7,""0.85""]],[[0,""2024\u4e09\u5b63\u62a5""],[1,""2024\u5e74\u62a5""],[2,""2025\u4e00\u5b63\u62a5""],[3,""2025\u4e2d\u62a5""],[4,""2025\u4e09\u5b63\u62a5""],[5,""2025\u5e74\u62a5""],[6,""2026\u4e00\u5b63\u62a5""],[7,""2026\u4e2d\u62a5""]],""\u4ebf\u5143""] 净利润单位：亿元 同行业排名第3位 查看明细>> 每股经营现金流：0.18元 [[[0,""-0.47""],[1,""-0.36""],[2,""-0.26""],[3,""-0.31""],[4,""-0.35""],[5,""-0.68""],[6,""-0.24""],[7,""0.18""]],[[0,""2024\u4e09\u5b63\u62a5""],[1,""2024\u5e74\u62a5""],[2,""2025\u4e00\u5b63\u62a5""],[3,""2025\u4e2d\u62a5""],[4,""2025\u4e09\u5b63\u62a5""],[5,""2025\u5e74\u62a5""],[6,""2026\u4e00\u5b63\u62a5""],[7,""2026\u4e2d\u62a5""]],""\u5143""] 每股经营现金流单位：元 同行业排名第5位 查看明细>> 总市值：43亿 每股净资产：9.31元 [[[0,""9.10""],[1,""8.98""],[2,""8.95""],[3,""8.95""],[4,""9.11""],[5,""9.05""],[6,""9.23""],[7,""9.31""]],[[0,""2024\u4e09\u5b63\u62a5""],[1,""2024\u5e74\u62a5""],[2,""2025\u4e00\u5b63\u62a5""],[3,""2025\u4e2d\u62a5""],[4,""2025\u4e09\u5b63\u62a5""],[5,""2025\u5e74\u62a5""],[6,""2026\u4e00\u5b63\u62a5""],[7,""2026\u4e2d\u62a5""]],""\u5143""] 每股净资产单位：元 同行业排名第3位 查看明细>> 毛利率：34.44% [[[0,""28.98""],[1,""26.67""],[2,""25.92""],[3,""29.35""],[4,""29.27""],[5,""30.78""],[6,""32.59""],[7,""34.44""]],[[0,""2024\u4e09\u5b63\u62a5""],[1,""2024\u5e74\u62a5""],[2,""2025\u4e00\u5b63\u62a5""],[3,""2025\u4e2d\u62a5""],[4,""2025\u4e09\u5b63\u62a5""],[5,""2025\u5e74\u62a5""],[6,""2026\u4e00\u5b63\u62a5""],[7,""2026\u4e2d\u62a5""]],""""] 毛利率单位：% 同行业排名第1位 查看明细>> 净资产收益率：4.29% [[[0,""3.28""],[1,""2.71""],[2,""0.87""],[3,""2.49""],[4,""4.37""],[5,""3.73""],[6,""1.93""],[7,""4.29""]],[[0,""2024\u4e09\u5b63\u62a5""],[1,""2024\u5e74\u62a5""],[2,""2025\u4e00\u5b63\u62a5""],[3,""2025\u4e2d\u62a5""],[4,""2025\u4e09\u5b63\u62a5""],[5,""2025\u5e74\u62a5""],[6,""2026\u4e00\u5b63\u62a5""],[7,""2026\u4e2d\u62a5""]],""""] 净资产收益率单位：% 同行业排名第5位 查看明细>> 流通A股：1.82亿股 以上为中报 绩优股条件[成分股] 指标名称 指标数据 判断条件 每股收益(ttm) 0.51元 每股收益大于0.5 销售毛利率 30.78 毛利率大于30 市盈率(上个交易日) 25.77 市盈率小于30 问财百科： 绩优股具有较高的投资回报和投资价值。其公司拥有资金、市场、信誉等方面的优势，对各种市场变化具有较强的承受和适应能力，绩优股的股价一般相对稳定且呈长期上升趋势。 您对此栏目的评价： 有用 0 没用 0 提建议 公司名称： 公司简称： 上市场所： 所属行业： 所属地域：",主营染料中间体、农药和医药中间体,,,,,,61.34%,,126.28%,,9.57%,32.59%,18.42%,,一季报,43.0,4.77,化学原料,32.59,18.42,61.34,126.28,9.57,,,0,0,64.2606223624561,100.0,60.474000000000004,90.43,48.0,50.0,55.0,48.0,38.0,60.0,80.0,42.0,66.28,B级（重点跟进）
603125,常青科技,上交所,高分子新材料特种单体和高分子专用助剂的研发、生产和销售。,"化学制品 概念行情贴合度： 2026中报预增， 风电， 沪股通， 融资融券 详情>> 对比>> 可比公司() 全部 收起 家未上市公司 全部 收起 市盈率(动态)： 33.812 每股收益：0.35元 [[[0,""0.50""],[1,""0.09""],[2,""0.09""],[3,""0.17""],[4,""0.25""],[5,""0.39""],[6,""0.20""],[7,""0.35""]],[[0,""2024\u5e74\u62a5""],[1,""2025\u4e00\u5b63\u62a5""],[2,""\u5206\u7ea2\u8f6c\u589e""],[3,""2025\u4e2d\u62a5""],[4,""2025\u4e09\u5b63\u62a5""],[5,""2025\u5e74\u62a5""],[6,""2026\u4e00\u5b63\u62a5""],[7,""2026\u4e2d\u62a5""]],""\u5143""] 每股收益单位：元 同行业排名第26位 查看明细>> 每股资本公积金：2.94元 [[[0,""4.71""],[1,""4.71""],[2,""3.25""],[3,""2.94""],[4,""2.94""],[5,""2.94""],[6,""2.94""],[7,""2.94""]],[[0,""2024\u5e74\u62a5""],[1,""2025\u4e00\u5b63\u62a5""],[2,""\u5206\u7ea2\u8f6c\u589e""],[3,""2025\u4e2d\u62a5""],[4,""2025\u4e09\u5b63\u62a5""],[5,""2025\u5e74\u62a5""],[6,""2026\u4e00\u5b63\u62a5""],[7,""2026\u4e2d\u62a5""]],""\u5143""] 每股资本公积金单位：元 同行业排名第40位 查看明细>> 分类： 中盘股 市盈率(静态)： 59.83 营业总收入： 7.06亿元 同比增长45.67% [[[0,""10.80""],[1,""2.46""],[2,""2.46""],[3,""4.85""],[4,""7.13""],[5,""10.36""],[6,""3.89""],[7,""7.06""]],[[0,""2024\u5e74\u62a5""],[1,""2025\u4e00\u5b63\u62a5""],[2,""\u5206\u7ea2\u8f6c\u589e""],[3,""2025\u4e2d\u62a5""],[4,""2025\u4e09\u5b63\u62a5""],[5,""2025\u5e74\u62a5""],[6,""2026\u4e00\u5b63\u62a5""],[7,""2026\u4e2d\u62a5""]],""\u4ebf\u5143""] 营业总收入单位：亿元 同行业排名第39位 查看明细>> 每股未分配利润：2.13元 [[[0,""2.29""],[1,""2.42""],[2,""1.67""],[3,""1.65""],[4,""1.73""],[5,""1.83""],[6,""2.03""],[7,""2.13""]],[[0,""2024\u5e74\u62a5""],[1,""2025\u4e00\u5b63\u62a5""],[2,""\u5206\u7ea2\u8f6c\u589e""],[3,""2025\u4e2d\u62a5""],[4,""2025\u4e09\u5b63\u62a5""],[5,""2025\u5e74\u62a5""],[6,""2026\u4e00\u5b63\u62a5""],[7,""2026\u4e2d\u62a5""]],""\u5143""] 每股未分配利润单位：元 同行业排名第46位 查看明细>> 总股本： 4.05亿股 市净率： 3.67 净利润： 1.40亿元 同比增长99.16% [[[0,""2.04""],[1,""0.35""],[2,""0.35""],[3,""0.70""],[4,""1.03""],[5,""1.58""],[6,""0.81""],[7,""1.40""]],[[0,""2024\u5e74\u62a5""],[1,""2025\u4e00\u5b63\u62a5""],[2,""\u5206\u7ea2\u8f6c\u589e""],[3,""2025\u4e2d\u62a5""],[4,""2025\u4e09\u5b63\u62a5""],[5,""2025\u5e74\u62a5""],[6,""2026\u4e00\u5b63\u62a5""],[7,""2026\u4e2d\u62a5""]],""\u4ebf\u5143""] 净利润单位：亿元 同行业排名第15位 查看明细>> 每股经营现金流：0.21元 [[[0,""0.76""],[1,""-0.07""],[2,""-0.05""],[3,""-0.03""],[4,""0.07""],[5,""0.13""],[6,""0.15""],[7,""0.21""]],[[0,""2024\u5e74\u62a5""],[1,""2025\u4e00\u5b63\u62a5""],[2,""\u5206\u7ea2\u8f6c\u589e""],[3,""2025\u4e2d\u62a5""],[4,""2025\u4e09\u5b63\u62a5""],[5,""2025\u5e74\u62a5""],[6,""2026\u4e00\u5b63\u62a5""],[7,""2026\u4e2d\u62a5""]],""\u5143""] 每股经营现金流单位：元 同行业排名第30位 查看明细>> 总市值：94亿 每股净资产：6.36元 [[[0,""8.35""],[1,""8.49""],[2,""5.85""],[3,""5.82""],[4,""5.91""],[5,""6.05""],[6,""6.25""],[7,""6.36""]],[[0,""2024\u5e74\u62a5""],[1,""2025\u4e00\u5b63\u62a5""],[2,""\u5206\u7ea2\u8f6c\u589e""],[3,""2025\u4e2d\u62a5""],[4,""2025\u4e09\u5b63\u62a5""],[5,""2025\u5e74\u62a5""],[6,""2026\u4e00\u5b63\u62a5""],[7,""2026\u4e2d\u62a5""]],""\u5143""] 每股净资产单位：元 同行业排名第40位 查看明细>> 毛利率：30.32% [[[0,""29.37""],[1,""25.15""],[2,""25.15""],[3,""26.51""],[4,""27.05""],[5,""27.10""],[6,""31.53""],[7,""30.32""]],[[0,""2024\u5e74\u62a5""],[1,""2025\u4e00\u5b63\u62a5""],[2,""\u5206\u7ea2\u8f6c\u589e""],[3,""2025\u4e2d\u62a5""],[4,""2025\u4e09\u5b63\u62a5""],[5,""2025\u5e74\u62a5""],[6,""2026\u4e00\u5b63\u62a5""],[7,""2026\u4e2d\u62a5""]],""""] 毛利率单位：% 同行业排名第17位 查看明细>> 净资产收益率：5.56% [[[0,""9.11""],[1,""1.51""],[2,""1.51""],[3,""2.98""],[4,""4.34""],[5,""6.63""],[6,""3.27""],[7,""5.56""]],[[0,""2024\u5e74\u62a5""],[1,""2025\u4e00\u5b63\u62a5""],[2,""\u5206\u7ea2\u8f6c\u589e""],[3,""2025\u4e2d\u62a5""],[4,""2025\u4e09\u5b63\u62a5""],[5,""2025\u5e74\u62a5""],[6,""2026\u4e00\u5b63\u62a5""],[7,""2026\u4e2d\u62a5""]],""""] 净资产收益率单位：% 同行业排名第17位 查看明细>> 流通A股：4.05亿股 以上为中报 您对此栏目的评价： 有用 0 没用 0 提建议 公司名称： 公司简称： 上市场所： 所属行业： 所属地域：",主营高分子新材料特种单体及专用助剂，国内二乙烯苯特种单体领域的主要企业,,,,,,57.93%,,129.78%,,6.36%,31.53%,20.90%,,一季报,94.0,7.06,化学制品,31.53,20.9,57.93,129.78,6.36,,,0,0,69.59453971715222,100.0,62.318,93.64,48.0,50.0,55.0,48.0,38.0,60.0,64.0,42.0,66.21,B级（重点跟进）
301369,联动科技,深交所,半导体行业后道封装测试领域专用设备的研发、生产和销售。,"半导体 概念行情贴合度： 中芯国际概念， 第三代半导体， 芯片概念， 2026中报预增， 创投， 融资融券， 深股通， 专精特新 详情>> 对比>> 可比公司() 全部 收起 家未上市公司 全部 收起 市盈率(动态)： 302.333 每股收益：0.23元 [[[0,""0.29""],[1,""-0.04""],[2,""0.12""],[3,""0.21""],[4,""0.48""],[5,""0.05""],[6,""0.03""],[7,""0.23""]],[[0,""2024\u5e74\u62a5""],[1,""2025\u4e00\u5b63\u62a5""],[2,""2025\u4e2d\u62a5""],[3,""2025\u4e09\u5b63\u62a5""],[4,""2025\u5e74\u62a5""],[5,""2026\u4e00\u5b63\u62a5""],[6,""\u5206\u7ea2\u8f6c\u589e""],[7,""2026\u4e2d\u62a5""]],""\u5143""] 每股收益单位：元 同行业排名第18位 查看明细>> 每股资本公积金：12.09元 [[[0,""17.49""],[1,""17.53""],[2,""17.75""],[3,""17.83""],[4,""17.84""],[5,""17.87""],[6,""12.33""],[7,""12.09""]],[[0,""2024\u5e74\u62a5""],[1,""2025\u4e00\u5b63\u62a5""],[2,""2025\u4e2d\u62a5""],[3,""2025\u4e09\u5b63\u62a5""],[4,""2025\u5e74\u62a5""],[5,""2026\u4e00\u5b63\u62a5""],[6,""\u5206\u7ea2\u8f6c\u589e""],[7,""2026\u4e2d\u62a5""]],""\u5143""] 每股资本公积金单位：元 同行业排名第10位 查看明细>> 分类： 中盘股 市盈率(静态)： 421.70 营业总收入： 2.23亿元 同比增长43.45% [[[0,""3.11""],[1,""0.65""],[2,""1.56""],[3,""2.33""],[4,""3.54""],[5,""0.94""],[6,""0.94""],[7,""2.23""]],[[0,""2024\u5e74\u62a5""],[1,""2025\u4e00\u5b63\u62a5""],[2,""2025\u4e2d\u62a5""],[3,""2025\u4e09\u5b63\u62a5""],[4,""2025\u5e74\u62a5""],[5,""2026\u4e00\u5b63\u62a5""],[6,""\u5206\u7ea2\u8f6c\u589e""],[7,""2026\u4e2d\u62a5""]],""\u4ebf\u5143""] 营业总收入单位：亿元 同行业排名第23位 查看明细>> 每股未分配利润：1.81元 [[[0,""2.63""],[1,""2.59""],[2,""2.50""],[3,""2.53""],[4,""2.61""],[5,""2.66""],[6,""1.83""],[7,""1.81""]],[[0,""2024\u5e74\u62a5""],[1,""2025\u4e00\u5b63\u62a5""],[2,""2025\u4e2d\u62a5""],[3,""2025\u4e09\u5b63\u62a5""],[4,""2025\u5e74\u62a5""],[5,""2026\u4e00\u5b63\u62a5""],[6,""\u5206\u7ea2\u8f6c\u589e""],[7,""2026\u4e2d\u62a5""]],""\u5143""] 每股未分配利润单位：元 同行业排名第17位 查看明细>> 总股本： 1.02亿股 市净率： 9.10 净利润： 0.23亿元 同比增长93.2% [[[0,""0.20""],[1,""-0.03""],[2,""0.12""],[3,""0.14""],[4,""0.34""],[5,""0.03""],[6,""0.03""],[7,""0.23""]],[[0,""2024\u5e74\u62a5""],[1,""2025\u4e00\u5b63\u62a5""],[2,""2025\u4e2d\u62a5""],[3,""2025\u4e09\u5b63\u62a5""],[4,""2025\u5e74\u62a5""],[5,""2026\u4e00\u5b63\u62a5""],[6,""\u5206\u7ea2\u8f6c\u589e""],[7,""2026\u4e2d\u62a5""]],""\u4ebf\u5143""] 净利润单位：亿元 同行业排名第20位 查看明细>> 每股经营现金流：-0.23元 [[[0,""-1.02""],[1,""-0.37""],[2,""-0.37""],[3,""-0.57""],[4,""-0.38""],[5,""-0.20""],[6,""-0.14""],[7,""-0.23""]],[[0,""2024\u5e74\u62a5""],[1,""2025\u4e00\u5b63\u62a5""],[2,""2025\u4e2d\u62a5""],[3,""2025\u4e09\u5b63\u62a5""],[4,""2025\u5e74\u62a5""],[5,""2026\u4e00\u5b63\u62a5""],[6,""\u5206\u7ea2\u8f6c\u589e""],[7,""2026\u4e2d\u62a5""]],""\u5143""] 每股经营现金流单位：元 同行业排名第21位 查看明细>> 总市值：141亿 每股净资产：15.19元 [[[0,""21.36""],[1,""21.01""],[2,""21.18""],[3,""21.28""],[4,""21.42""],[5,""21.50""],[6,""14.83""],[7,""15.19""]],[[0,""2024\u5e74\u62a5""],[1,""2025\u4e00\u5b63\u62a5""],[2,""2025\u4e2d\u62a5""],[3,""2025\u4e09\u5b63\u62a5""],[4,""2025\u5e74\u62a5""],[5,""2026\u4e00\u5b63\u62a5""],[6,""\u5206\u7ea2\u8f6c\u589e""],[7,""2026\u4e2d\u62a5""]],""\u5143""] 每股净资产单位：元 同行业排名第11位 查看明细>> 毛利率：57.19% [[[0,""56.39""],[1,""53.51""],[2,""55.89""],[3,""55.92""],[4,""55.73""],[5,""56.28""],[6,""56.28""],[7,""57.19""]],[[0,""2024\u5e74\u62a5""],[1,""2025\u4e00\u5b63\u62a5""],[2,""2025\u4e2d\u62a5""],[3,""2025\u4e09\u5b63\u62a5""],[4,""2025\u5e74\u62a5""],[5,""2026\u4e00\u5b63\u62a5""],[6,""\u5206\u7ea2\u8f6c\u589e""],[7,""2026\u4e2d\u62a5""]],""""] 毛利率单位：% 同行业排名第4位 查看明细>> 净资产收益率：1.52% [[[0,""1.38""],[1,""-0.18""],[2,""0.81""],[3,""0.97""],[4,""2.25""],[5,""0.23""],[6,""0.23""],[7,""1.52""]],[[0,""2024\u5e74\u62a5""],[1,""2025\u4e00\u5b63\u62a5""],[2,""2025\u4e2d\u62a5""],[3,""2025\u4e09\u5b63\u62a5""],[4,""2025\u5e74\u62a5""],[5,""2026\u4e00\u5b63\u62a5""],[6,""\u5206\u7ea2\u8f6c\u589e""],[7,""2026\u4e2d\u62a5""]],""""] 净资产收益率单位：% 同行业排名第20位 查看明细>> 流通A股：0.55亿股 最新解禁： 2027-06-01 解禁股份类型： 股权激励限售股份 解禁数量： 9.63万股 公告解禁数量为上市公司公告符合解禁条件的股份数量。实际可售为公告解禁数量除去股权质押、高管禁售等部分，实际可以在市场出售的股份数量。 解禁时间 公告解禁 实际可售 解禁股成本 2026-06-05 5.78万 3.31万 -- 2026-05-14 56.40万 56.40万 -- 2025-09-22 4500.00万 1125.00万 -- 历史解禁详情表 占总股本比例： 0.09% 以上为中报 您对此栏目的评价： 有用 0 没用 0 提建议 公司名称： 公司简称： 上市场所： 所属行业： 所属地域：",国内领先的半导体测试系统供应商，国内功率器件测试能力和功能模块覆盖面较广的供应商,,,,,,44.56%,,229.55%,,8.39%,56.28%,2.88%,,一季报,141.0,2.23,半导体,56.28,2.88,44.56,229.55,8.39,,,0,0,66.96430745284289,97.28,59.147999999999996,91.61,56.0,50.0,55.0,48.0,56.0,60.0,64.0,42.0,66.19,B级（重点跟进）
688615,合合信息,上交所,为全球C端用户及多元行业B端客户提供AI产品与服务。,"软件开发 概念行情贴合度： 财税数字化， 华为昇腾， 云计算， AIGC概念， AI应用， AI智能体， 抖音概念(字节概念)， 鸿蒙概念， 互联网金融， 沪股通， 华为概念， 机器人概念， 人工智能， 融资融券， 数据安全， 数据要素， 数字经济， 智慧政务 详情>> 对比>> 可比公司() 全部 收起 家未上市公司 全部 收起 市盈率(动态)： 39.703 每股收益：1.26元 [[[0,""0.83""],[1,""0.83""],[2,""1.20""],[3,""2.51""],[4,""3.24""],[5,""1.11""],[6,""0.79""],[7,""1.26""]],[[0,""2025\u4e00\u5b63\u62a5""],[1,""\u5206\u7ea2\u8f6c\u589e""],[2,""2025\u4e2d\u62a5""],[3,""2025\u4e09\u5b63\u62a5""],[4,""2025\u5e74\u62a5""],[5,""2026\u4e00\u5b63\u62a5""],[6,""\u5206\u7ea2\u8f6c\u589e""],[7,""2026\u4e2d\u62a5""]],""\u5143""] 每股收益单位：元 同行业排名第2位 查看明细>> 每股资本公积金：7.15元 [[[0,""14.53""],[1,""10.38""],[2,""10.09""],[3,""10.09""],[4,""10.18""],[5,""10.29""],[6,""7.35""],[7,""7.15""]],[[0,""2025\u4e00\u5b63\u62a5""],[1,""\u5206\u7ea2\u8f6c\u589e""],[2,""2025\u4e2d\u62a5""],[3,""2025\u4e09\u5b63\u62a5""],[4,""2025\u5e74\u62a5""],[5,""2026\u4e00\u5b63\u62a5""],[6,""\u5206\u7ea2\u8f6c\u589e""],[7,""2026\u4e2d\u62a5""]],""\u5143""] 每股资本公积金单位：元 同行业排名第17位 查看明细>> 分类： 中盘股 市盈率(静态)： 43.14 营业总收入： 10.31亿元 同比增长22.28% [[[0,""3.95""],[1,""3.95""],[2,""8.43""],[3,""13.03""],[4,""18.10""],[5,""5.04""],[6,""5.04""],[7,""10.31""]],[[0,""2025\u4e00\u5b63\u62a5""],[1,""\u5206\u7ea2\u8f6c\u589e""],[2,""2025\u4e2d\u62a5""],[3,""2025\u4e09\u5b63\u62a5""],[4,""2025\u5e74\u62a5""],[5,""2026\u4e00\u5b63\u62a5""],[6,""\u5206\u7ea2\u8f6c\u589e""],[7,""2026\u4e2d\u62a5""]],""\u4ebf\u5143""] 营业总收入单位：亿元 同行业排名第18位 查看明细>> 每股未分配利润：6.71元 [[[0,""11.81""],[1,""8.44""],[2,""7.86""],[3,""8.69""],[4,""9.28""],[5,""10.39""],[6,""7.42""],[7,""6.71""]],[[0,""2025\u4e00\u5b63\u62a5""],[1,""\u5206\u7ea2\u8f6c\u589e""],[2,""2025\u4e2d\u62a5""],[3,""2025\u4e09\u5b63\u62a5""],[4,""2025\u5e74\u62a5""],[5,""2026\u4e00\u5b63\u62a5""],[6,""\u5206\u7ea2\u8f6c\u589e""],[7,""2026\u4e2d\u62a5""]],""\u5143""] 每股未分配利润单位：元 同行业排名第2位 查看明细>> 总股本： 1.96亿股 市净率： 6.60 净利润： 2.47亿元 同比增长4.81% [[[0,""1.16""],[1,""1.16""],[2,""2.35""],[3,""3.51""],[4,""4.54""],[5,""1.55""],[6,""1.55""],[7,""2.47""]],[[0,""2025\u4e00\u5b63\u62a5""],[1,""\u5206\u7ea2\u8f6c\u589e""],[2,""2025\u4e2d\u62a5""],[3,""2025\u4e09\u5b63\u62a5""],[4,""2025\u5e74\u62a5""],[5,""2026\u4e00\u5b63\u62a5""],[6,""\u5206\u7ea2\u8f6c\u589e""],[7,""2026\u4e2d\u62a5""]],""\u4ebf\u5143""] 净利润单位：亿元 同行业排名第3位 查看明细>> 每股经营现金流：1.40元 [[[0,""1.12""],[1,""0.80""],[2,""1.34""],[3,""2.65""],[4,""4.33""],[5,""1.36""],[6,""0.97""],[7,""1.40""]],[[0,""2025\u4e00\u5b63\u62a5""],[1,""\u5206\u7ea2\u8f6c\u589e""],[2,""2025\u4e2d\u62a5""],[3,""2025\u4e09\u5b63\u62a5""],[4,""2025\u5e74\u62a5""],[5,""2026\u4e00\u5b63\u62a5""],[6,""\u5206\u7ea2\u8f6c\u589e""],[7,""2026\u4e2d\u62a5""]],""\u5143""] 每股经营现金流单位：元 同行业排名第3位 查看明细>> 总市值：195亿 每股净资产：15.15元 [[[0,""27.74""],[1,""19.81""],[2,""19.23""],[3,""20.05""],[4,""20.87""],[5,""22.09""],[6,""15.78""],[7,""15.15""]],[[0,""2025\u4e00\u5b63\u62a5""],[1,""\u5206\u7ea2\u8f6c\u589e""],[2,""2025\u4e2d\u62a5""],[3,""2025\u4e09\u5b63\u62a5""],[4,""2025\u5e74\u62a5""],[5,""2026\u4e00\u5b63\u62a5""],[6,""\u5206\u7ea2\u8f6c\u589e""],[7,""2026\u4e2d\u62a5""]],""\u5143""] 每股净资产单位：元 同行业排名第7位 查看明细>> 毛利率：86.95% [[[0,""85.60""],[1,""85.60""],[2,""86.29""],[3,""86.41""],[4,""86.70""],[5,""87.58""],[6,""87.58""],[7,""86.95""]],[[0,""2025\u4e00\u5b63\u62a5""],[1,""\u5206\u7ea2\u8f6c\u589e""],[2,""2025\u4e2d\u62a5""],[3,""2025\u4e09\u5b63\u62a5""],[4,""2025\u5e74\u62a5""],[5,""2026\u4e00\u5b63\u62a5""],[6,""\u5206\u7ea2\u8f6c\u589e""],[7,""2026\u4e2d\u62a5""]],""""] 毛利率单位：% 同行业排名第8位 查看明细>> 净资产收益率：8.27% [[[0,""4.28""],[1,""4.28""],[2,""8.59""],[3,""12.80""],[4,""16.38""],[5,""5.16""],[6,""5.16""],[7,""8.27""]],[[0,""2025\u4e00\u5b63\u62a5""],[1,""\u5206\u7ea2\u8f6c\u589e""],[2,""2025\u4e2d\u62a5""],[3,""2025\u4e09\u5b63\u62a5""],[4,""2025\u5e74\u62a5""],[5,""2026\u4e00\u5b63\u62a5""],[6,""\u5206\u7ea2\u8f6c\u589e""],[7,""2026\u4e2d\u62a5""]],""""] 净资产收益率单位：% 同行业排名第2位 查看明细>> 流通A股：1.35亿股 最新解禁： 2026-09-28 解禁股份类型： 首发战略配售股份 解禁数量： 196.00万股 公告解禁数量为上市公司公告符合解禁条件的股份数量。实际可售为公告解禁数量除去股权质押、高管禁售等部分，实际可以在市场出售的股份数量。 解禁时间 公告解禁 实际可售 解禁股成本 2025-09-26 6867.02万 6867.02万 -- 2025-03-26 120.39万 120.39万 -- 2024-09-26 1879.61万 1879.61万 -- 历史解禁详情表 占总股本比例： 1.00% 以上为中报 您对此栏目的评价： 有用 0 没用 0 提建议 公司名称： 公司简称： 上市场所： 所属行业： 所属地域：",中国商业信息查询领先企业，主营智能文字识别等业务,,,,,,27.53%,,33.67%,,24.09%,87.58%,30.71%,,一季报,195.0,10.31,软件开发,87.58,30.71,27.53,33.67,24.09,,,0,0,74.71279421048786,80.6,100.0,75.91,40.0,50.0,55.0,48.0,46.0,60.0,64.0,42.0,65.83,B级（重点跟进）
300480,光力科技,深交所,研发、生产、销售用于半导体器件封装测试环节的精密加工设备、高性能高精度空气主轴等核心零部件和耗材。,"专用设备 概念行情贴合度： 存储芯片， 先进封装， 第三代半导体， 传感器， 高端装备， 工业互联网， 工业母机， 共封装光学(CPO)， 华为概念， 机器人概念， 深股通， 物联网， 芯片概念， 一带一路， 专精特新 详情>> 对比>> 可比公司() 全部 收起 家未上市公司 全部 收起 市盈率(动态)： 78.418 每股收益：0.21元 [[[0,""-0.15""],[1,""-0.32""],[2,""0.05""],[3,""0.07""],[4,""0.10""],[5,""0.11""],[6,""0.09""],[7,""0.21""]],[[0,""2024\u4e09\u5b63\u62a5""],[1,""2024\u5e74\u62a5""],[2,""2025\u4e00\u5b63\u62a5""],[3,""2025\u4e2d\u62a5""],[4,""2025\u4e09\u5b63\u62a5""],[5,""2025\u5e74\u62a5""],[6,""2026\u4e00\u5b63\u62a5""],[7,""2026\u4e2d\u62a5""]],""\u5143""] 每股收益单位：元 同行业排名第16位 查看明细>> 每股资本公积金：2.49元 [[[0,""1.54""],[1,""1.54""],[2,""1.54""],[3,""1.49""],[4,""1.49""],[5,""1.49""],[6,""2.36""],[7,""2.49""]],[[0,""2024\u4e09\u5b63\u62a5""],[1,""2024\u5e74\u62a5""],[2,""2025\u4e00\u5b63\u62a5""],[3,""2025\u4e2d\u62a5""],[4,""2025\u4e09\u5b63\u62a5""],[5,""2025\u5e74\u62a5""],[6,""2026\u4e00\u5b63\u62a5""],[7,""2026\u4e2d\u62a5""]],""\u5143""] 每股资本公积金单位：元 同行业排名第30位 查看明细>> 分类： 中盘股 市盈率(静态)： 288.78 营业总收入： 4.53亿元 同比增长57.23% [[[0,""3.81""],[1,""5.73""],[2,""1.53""],[3,""2.88""],[4,""4.60""],[5,""6.70""],[6,""2.07""],[7,""4.53""]],[[0,""2024\u4e09\u5b63\u62a5""],[1,""2024\u5e74\u62a5""],[2,""2025\u4e00\u5b63\u62a5""],[3,""2025\u4e2d\u62a5""],[4,""2025\u4e09\u5b63\u62a5""],[5,""2025\u5e74\u62a5""],[6,""2026\u4e00\u5b63\u62a5""],[7,""2026\u4e2d\u62a5""]],""\u4ebf\u5143""] 营业总收入单位：亿元 同行业排名第35位 查看明细>> 每股未分配利润：1.09元 [[[0,""1.08""],[1,""0.90""],[2,""0.95""],[3,""0.90""],[4,""0.93""],[5,""0.93""],[6,""0.98""],[7,""1.09""]],[[0,""2024\u4e09\u5b63\u62a5""],[1,""2024\u5e74\u62a5""],[2,""2025\u4e00\u5b63\u62a5""],[3,""2025\u4e2d\u62a5""],[4,""2025\u4e09\u5b63\u62a5""],[5,""2025\u5e74\u62a5""],[6,""2026\u4e00\u5b63\u62a5""],[7,""2026\u4e2d\u62a5""]],""\u5143""] 每股未分配利润单位：元 同行业排名第36位 查看明细>> 总股本： 3.70亿股 市净率： 6.49 净利润： 0.74亿元 同比增长194.56% [[[0,""-0.54""],[1,""-1.13""],[2,""0.18""],[3,""0.25""],[4,""0.37""],[5,""0.40""],[6,""0.32""],[7,""0.74""]],[[0,""2024\u4e09\u5b63\u62a5""],[1,""2024\u5e74\u62a5""],[2,""2025\u4e00\u5b63\u62a5""],[3,""2025\u4e2d\u62a5""],[4,""2025\u4e09\u5b63\u62a5""],[5,""2025\u5e74\u62a5""],[6,""2026\u4e00\u5b63\u62a5""],[7,""2026\u4e2d\u62a5""]],""\u4ebf\u5143""] 净利润单位：亿元 同行业排名第20位 查看明细>> 每股经营现金流：-0.07元 [[[0,""-0.13""],[1,""-0.06""],[2,""-0.12""],[3,""-0.04""],[4,""-0.05""],[5,""-0.03""],[6,""-0.06""],[7,""-0.07""]],[[0,""2024\u4e09\u5b63\u62a5""],[1,""2024\u5e74\u62a5""],[2,""2025\u4e00\u5b63\u62a5""],[3,""2025\u4e2d\u62a5""],[4,""2025\u4e09\u5b63\u62a5""],[5,""2025\u5e74\u62a5""],[6,""2026\u4e00\u5b63\u62a5""],[7,""2026\u4e2d\u62a5""]],""\u5143""] 每股经营现金流单位：元 同行业排名第35位 查看明细>> 总市值：116亿 每股净资产：4.84元 [[[0,""3.80""],[1,""3.62""],[2,""3.68""],[3,""3.60""],[4,""3.63""],[5,""3.64""],[6,""4.61""],[7,""4.84""]],[[0,""2024\u4e09\u5b63\u62a5""],[1,""2024\u5e74\u62a5""],[2,""2025\u4e00\u5b63\u62a5""],[3,""2025\u4e2d\u62a5""],[4,""2025\u4e09\u5b63\u62a5""],[5,""2025\u5e74\u62a5""],[6,""2026\u4e00\u5b63\u62a5""],[7,""2026\u4e2d\u62a5""]],""\u5143""] 每股净资产单位：元 同行业排名第32位 查看明细>> 毛利率：50.39% [[[0,""57.30""],[1,""57.26""],[2,""57.52""],[3,""57.26""],[4,""54.90""],[5,""54.93""],[6,""49.56""],[7,""50.39""]],[[0,""2024\u4e09\u5b63\u62a5""],[1,""2024\u5e74\u62a5""],[2,""2025\u4e00\u5b63\u62a5""],[3,""2025\u4e2d\u62a5""],[4,""2025\u4e09\u5b63\u62a5""],[5,""2025\u5e74\u62a5""],[6,""2026\u4e00\u5b63\u62a5""],[7,""2026\u4e2d\u62a5""]],""""] 毛利率单位：% 同行业排名第2位 查看明细>> 净资产收益率：4.81% [[[0,""-3.84""],[1,""-8.23""],[2,""1.36""],[3,""1.91""],[4,""2.76""],[5,""3.06""],[6,""2.38""],[7,""4.81""]],[[0,""2024\u4e09\u5b63\u62a5""],[1,""2024\u5e74\u62a5""],[2,""2025\u4e00\u5b63\u62a5""],[3,""2025\u4e2d\u62a5""],[4,""2025\u4e09\u5b63\u62a5""],[5,""2025\u5e74\u62a5""],[6,""2026\u4e00\u5b63\u62a5""],[7,""2026\u4e2d\u62a5""]],""""] 净资产收益率单位：% 同行业排名第8位 查看明细>> 流通A股：2.59亿股 更新日期： 2026-08-28 总质押股份数量： 285.00万股 重要股东质押数量（质押中） 股东名称 质押数量 占所持股份比 占总股本比 赵彤亚 180.00万股 84.96% 0.49% *仅展示上市公司公告披露的股东的质押情况 质押股份占A股总股本比： 0.77% [[""0.8700"",""0.8700"",""0.8700"",""0.8700"",""0.8700"",""0.7700"",""0.7700"",""0.7700"",""0.7700"",""0.7700"",""0.7700"",""0.7700""],[""2026-06-12"",""2026-06-18"",""2026-06-26"",""2026-07-03"",""2026-07-10"",""2026-07-17"",""2026-07-24"",""2026-07-31"",""2026-08-07"",""2026-08-14"",""2026-08-21"",""2026-08-28""]] 质押股份占A股总股本比单位：% *数据来源：中登公司及上市公司最新公布的质押公告 以上为中报 您对此栏目的评价： 有用 0 没用 0 提建议 公司名称： 公司简称： 上市场所： 所属行业： 所属地域：",全球领先的半导体切割划片装备企业，全球少数同时拥有切割划片量产设备、空气主轴及刀片产品的企业，煤矿安全监控设备及系统行业领先企业,,,,,,35.20%,,76.65%,,17.46%,49.56%,14.77%,,一季报,116.0,4.53,专用设备,49.56,14.77,35.2,76.65,17.46,,,0,0,68.73587056983249,92.6,67.006,82.53999999999999,56.0,50.0,55.0,48.0,56.0,60.0,64.0,42.0,65.74,B级（重点跟进）
300590,移为通信,深交所,物联网智能终端研发、量产与销售。,"通信设备 概念行情贴合度： 5G， WiFi 6， 芯片概念， 2026中报预增， AI智能体， 车联网(车路协同)， 工业互联网， 两轮车， 汽车电子， 人工智能， 人民币贬值受益， 深股通， 卫星导航， 无人驾驶， 物联网， 信创， 智慧城市， 智能物流， 智能座舱， 专精特新 详情>> 对比>> 可比公司() 全部 收起 家未上市公司 全部 收起 市盈率(动态)： 30.149 每股收益：0.19元 [[[0,""0.29""],[1,""0.35""],[2,""0.02""],[3,""0.07""],[4,""0.13""],[5,""0.16""],[6,""0.11""],[7,""0.19""]],[[0,""2024\u4e09\u5b63\u62a5""],[1,""2024\u5e74\u62a5""],[2,""2025\u4e00\u5b63\u62a5""],[3,""2025\u4e2d\u62a5""],[4,""2025\u4e09\u5b63\u62a5""],[5,""2025\u5e74\u62a5""],[6,""2026\u4e00\u5b63\u62a5""],[7,""2026\u4e2d\u62a5""]],""\u5143""] 每股收益单位：元 同行业排名第11位 查看明细>> 每股资本公积金：1.18元 [[[0,""1.17""],[1,""1.18""],[2,""1.18""],[3,""1.18""],[4,""1.18""],[5,""1.18""],[6,""1.18""],[7,""1.18""]],[[0,""2024\u4e09\u5b63\u62a5""],[1,""2024\u5e74\u62a5""],[2,""2025\u4e00\u5b63\u62a5""],[3,""2025\u4e2d\u62a5""],[4,""2025\u4e09\u5b63\u62a5""],[5,""2025\u5e74\u62a5""],[6,""2026\u4e00\u5b63\u62a5""],[7,""2026\u4e2d\u62a5""]],""\u5143""] 每股资本公积金单位：元 同行业排名第20位 查看明细>> 分类： 小盘股 市盈率(静态)： 71.36 营业总收入： 6.04亿元 同比增长67.7% [[[0,""6.94""],[1,""9.67""],[2,""1.57""],[3,""3.60""],[4,""5.82""],[5,""8.91""],[6,""3.12""],[7,""6.04""]],[[0,""2024\u4e09\u5b63\u62a5""],[1,""2024\u5e74\u62a5""],[2,""2025\u4e00\u5b63\u62a5""],[3,""2025\u4e2d\u62a5""],[4,""2025\u4e09\u5b63\u62a5""],[5,""2025\u5e74\u62a5""],[6,""2026\u4e00\u5b63\u62a5""],[7,""2026\u4e2d\u62a5""]],""\u4ebf\u5143""] 营业总收入单位：亿元 同行业排名第17位 查看明细>> 每股未分配利润：1.66元 [[[0,""1.70""],[1,""1.71""],[2,""1.73""],[3,""1.56""],[4,""1.62""],[5,""1.63""],[6,""1.74""],[7,""1.66""]],[[0,""2024\u4e09\u5b63\u62a5""],[1,""2024\u5e74\u62a5""],[2,""2025\u4e00\u5b63\u62a5""],[3,""2025\u4e2d\u62a5""],[4,""2025\u4e09\u5b63\u62a5""],[5,""2025\u5e74\u62a5""],[6,""2026\u4e00\u5b63\u62a5""],[7,""2026\u4e2d\u62a5""]],""\u5143""] 每股未分配利润单位：元 同行业排名第12位 查看明细>> 总股本： 4.62亿股 市净率： 2.81 净利润： 0.88亿元 同比增长184.44% [[[0,""1.34""],[1,""1.59""],[2,""0.10""],[3,""0.31""],[4,""0.62""],[5,""0.75""],[6,""0.52""],[7,""0.88""]],[[0,""2024\u4e09\u5b63\u62a5""],[1,""2024\u5e74\u62a5""],[2,""2025\u4e00\u5b63\u62a5""],[3,""2025\u4e2d\u62a5""],[4,""2025\u4e09\u5b63\u62a5""],[5,""2025\u5e74\u62a5""],[6,""2026\u4e00\u5b63\u62a5""],[7,""2026\u4e2d\u62a5""]],""\u4ebf\u5143""] 净利润单位：亿元 同行业排名第8位 查看明细>> 每股经营现金流：-0.09元 [[[0,""0.52""],[1,""0.64""],[2,""0.08""],[3,""0.15""],[4,""0.32""],[5,""0.35""],[6,""-0.05""],[7,""-0.09""]],[[0,""2024\u4e09\u5b63\u62a5""],[1,""2024\u5e74\u62a5""],[2,""2025\u4e00\u5b63\u62a5""],[3,""2025\u4e2d\u62a5""],[4,""2025\u4e09\u5b63\u62a5""],[5,""2025\u5e74\u62a5""],[6,""2026\u4e00\u5b63\u62a5""],[7,""2026\u4e2d\u62a5""]],""\u5143""] 每股经营现金流单位：元 同行业排名第8位 查看明细>> 总市值：53亿 每股净资产：4.09元 [[[0,""3.99""],[1,""4.05""],[2,""4.07""],[3,""3.90""],[4,""3.96""],[5,""3.99""],[6,""4.11""],[7,""4.09""]],[[0,""2024\u4e09\u5b63\u62a5""],[1,""2024\u5e74\u62a5""],[2,""2025\u4e00\u5b63\u62a5""],[3,""2025\u4e2d\u62a5""],[4,""2025\u4e09\u5b63\u62a5""],[5,""2025\u5e74\u62a5""],[6,""2026\u4e00\u5b63\u62a5""],[7,""2026\u4e2d\u62a5""]],""\u5143""] 每股净资产单位：元 同行业排名第16位 查看明细>> 毛利率：40.21% [[[0,""42.51""],[1,""41.95""],[2,""43.31""],[3,""41.01""],[4,""40.65""],[5,""39.70""],[6,""40.81""],[7,""40.21""]],[[0,""2024\u4e09\u5b63\u62a5""],[1,""2024\u5e74\u62a5""],[2,""2025\u4e00\u5b63\u62a5""],[3,""2025\u4e2d\u62a5""],[4,""2025\u4e09\u5b63\u62a5""],[5,""2025\u5e74\u62a5""],[6,""2026\u4e00\u5b63\u62a5""],[7,""2026\u4e2d\u62a5""]],""""] 毛利率单位：% 同行业排名第7位 查看明细>> 净资产收益率：4.70% [[[0,""7.31""],[1,""8.80""],[2,""0.52""],[3,""1.67""],[4,""3.33""],[5,""4.05""],[6,""2.79""],[7,""4.70""]],[[0,""2024\u4e09\u5b63\u62a5""],[1,""2024\u5e74\u62a5""],[2,""2025\u4e00\u5b63\u62a5""],[3,""2025\u4e2d\u62a5""],[4,""2025\u4e09\u5b63\u62a5""],[5,""2025\u5e74\u62a5""],[6,""2026\u4e00\u5b63\u62a5""],[7,""2026\u4e2d\u62a5""]],""""] 净资产收益率单位：% 同行业排名第9位 查看明细>> 流通A股：3.58亿股 最新解禁： 2027-05-10 解禁股份类型： 股权激励限售股份 解禁数量： 92.76万股 公告解禁数量为上市公司公告符合解禁条件的股份数量。实际可售为公告解禁数量除去股权质押、高管禁售等部分，实际可以在市场出售的股份数量。 解禁时间 公告解禁 实际可售 解禁股成本 2024-11-29 7.81万 7.81万 -- 2024-09-30 8.19万 1.33万 -- 2024-08-16 56.54万 56.54万 -- 历史解禁详情表 占总股本比例： 0.20% 以上为中报 您对此栏目的评价： 有用 0 没用 0 提建议 公司名称： 公司简称： 上市场所： 所属行业： 所属地域：",外销为主的无线物联网设备和解决方案提供商,,,,,,99.27%,,430.64%,,14.75%,40.81%,16.56%,,一季报,53.0,6.04,通信设备,40.81,16.56,99.27,430.64,14.75,,,0,0,66.22422215125155,100.0,63.54600000000001,85.25,48.0,50.0,55.0,48.0,46.0,60.0,64.0,42.0,65.7,B级（重点跟进）
300315,掌趣科技,深交所,网络游戏尤其是移动游戏产品的开发、发行和运营。,"游戏Ⅱ 概念行情贴合度： 手机游戏， 网络游戏， 文化传媒概念， AIGC概念， AI应用， IP经济(谷子经济)， 百度概念， 抖音概念(字节概念)， 人工智能， 融资融券， 深股通， 虚拟现实， 英伟达概念， 职业教育 详情>> 对比>> 可比公司() 全部 收起 家未上市公司 全部 收起 市盈率(动态)： 150.471 每股收益：0.01元 [[[0,""0.07""],[1,""0.04""],[2,""0.01""],[3,""0.02""],[4,""0.03""],[5,""-0.06""],[6,""0.02""],[7,""0.01""]],[[0,""2024\u4e09\u5b63\u62a5""],[1,""2024\u5e74\u62a5""],[2,""2025\u4e00\u5b63\u62a5""],[3,""2025\u4e2d\u62a5""],[4,""2025\u4e09\u5b63\u62a5""],[5,""2025\u5e74\u62a5""],[6,""2026\u4e00\u5b63\u62a5""],[7,""2026\u4e2d\u62a5""]],""\u5143""] 每股收益单位：元 同行业排名第16位 查看明细>> 每股资本公积金：1.31元 [[[0,""1.32""],[1,""1.31""],[2,""1.32""],[3,""1.31""],[4,""1.31""],[5,""1.31""],[6,""1.31""],[7,""1.31""]],[[0,""2024\u4e09\u5b63\u62a5""],[1,""2024\u5e74\u62a5""],[2,""2025\u4e00\u5b63\u62a5""],[3,""2025\u4e2d\u62a5""],[4,""2025\u4e09\u5b63\u62a5""],[5,""2025\u5e74\u62a5""],[6,""2026\u4e00\u5b63\u62a5""],[7,""2026\u4e2d\u62a5""]],""\u5143""] 每股资本公积金单位：元 同行业排名第13位 查看明细>> 分类： 中盘股 市盈率(静态)： 亏损 营业总收入： 3.34亿元 同比下降6.75% [[[0,""6.51""],[1,""8.19""],[2,""1.62""],[3,""3.58""],[4,""5.34""],[5,""7.06""],[6,""1.85""],[7,""3.34""]],[[0,""2024\u4e09\u5b63\u62a5""],[1,""2024\u5e74\u62a5""],[2,""2025\u4e00\u5b63\u62a5""],[3,""2025\u4e2d\u62a5""],[4,""2025\u4e09\u5b63\u62a5""],[5,""2025\u5e74\u62a5""],[6,""2026\u4e00\u5b63\u62a5""],[7,""2026\u4e2d\u62a5""]],""\u4ebf\u5143""] 营业总收入单位：亿元 同行业排名第17位 查看明细>> 每股未分配利润：-0.57元 [[[0,""-0.47""],[1,""-0.50""],[2,""-0.49""],[3,""-0.49""],[4,""-0.49""],[5,""-0.58""],[6,""-0.56""],[7,""-0.57""]],[[0,""2024\u4e09\u5b63\u62a5""],[1,""2024\u5e74\u62a5""],[2,""2025\u4e00\u5b63\u62a5""],[3,""2025\u4e2d\u62a5""],[4,""2025\u4e09\u5b63\u62a5""],[5,""2025\u5e74\u62a5""],[6,""2026\u4e00\u5b63\u62a5""],[7,""2026\u4e2d\u62a5""]],""\u5143""] 每股未分配利润单位：元 同行业排名第17位 查看明细>> 总股本： 27.08亿股 市净率： 2.37 净利润： 0.36亿元 同比下降24.13% [[[0,""1.96""],[1,""1.11""],[2,""0.28""],[3,""0.48""],[4,""0.77""],[5,""-1.57""],[6,""0.54""],[7,""0.36""]],[[0,""2024\u4e09\u5b63\u62a5""],[1,""2024\u5e74\u62a5""],[2,""2025\u4e00\u5b63\u62a5""],[3,""2025\u4e2d\u62a5""],[4,""2025\u4e09\u5b63\u62a5""],[5,""2025\u5e74\u62a5""],[6,""2026\u4e00\u5b63\u62a5""],[7,""2026\u4e2d\u62a5""]],""\u4ebf\u5143""] 净利润单位：亿元 同行业排名第13位 查看明细>> 每股经营现金流：-0.03元 [[[0,""0.03""],[1,""0.03""],[2,""-0.02""],[3,""-0.0096""],[4,""-0.0024""],[5,""-0.0025""],[6,""-0.02""],[7,""-0.03""]],[[0,""2024\u4e09\u5b63\u62a5""],[1,""2024\u5e74\u62a5""],[2,""2025\u4e00\u5b63\u62a5""],[3,""2025\u4e2d\u62a5""],[4,""2025\u4e09\u5b63\u62a5""],[5,""2025\u5e74\u62a5""],[6,""2026\u4e00\u5b63\u62a5""],[7,""2026\u4e2d\u62a5""]],""\u5143""] 每股经营现金流单位：元 同行业排名第22位 查看明细>> 总市值：109亿 每股净资产：1.70元 [[[0,""1.79""],[1,""1.78""],[2,""1.80""],[3,""1.81""],[4,""1.83""],[5,""1.73""],[6,""1.73""],[7,""1.70""]],[[0,""2024\u4e09\u5b63\u62a5""],[1,""2024\u5e74\u62a5""],[2,""2025\u4e00\u5b63\u62a5""],[3,""2025\u4e2d\u62a5""],[4,""2025\u4e09\u5b63\u62a5""],[5,""2025\u5e74\u62a5""],[6,""2026\u4e00\u5b63\u62a5""],[7,""2026\u4e2d\u62a5""]],""\u5143""] 每股净资产单位：元 同行业排名第18位 查看明细>> 毛利率：76.93% [[[0,""77.50""],[1,""77.06""],[2,""75.74""],[3,""73.74""],[4,""73.48""],[5,""73.69""],[6,""77.14""],[7,""76.93""]],[[0,""2024\u4e09\u5b63\u62a5""],[1,""2024\u5e74\u62a5""],[2,""2025\u4e00\u5b63\u62a5""],[3,""2025\u4e2d\u62a5""],[4,""2025\u4e09\u5b63\u62a5""],[5,""2025\u5e74\u62a5""],[6,""2026\u4e00\u5b63\u62a5""],[7,""2026\u4e2d\u62a5""]],""""] 毛利率单位：% 同行业排名第6位 查看明细>> 净资产收益率：0.78% [[[0,""4.05""],[1,""2.30""],[2,""0.57""],[3,""0.98""],[4,""1.56""],[5,""-3.29""],[6,""1.16""],[7,""0.78""]],[[0,""2024\u4e09\u5b63\u62a5""],[1,""2024\u5e74\u62a5""],[2,""2025\u4e00\u5b63\u62a5""],[3,""2025\u4e2d\u62a5""],[4,""2025\u4e09\u5b63\u62a5""],[5,""2025\u5e74\u62a5""],[6,""2026\u4e00\u5b63\u62a5""],[7,""2026\u4e2d\u62a5""]],""""] 净资产收益率单位：% 同行业排名第16位 查看明细>> 流通A股：27.08亿股 以上为中报 您对此栏目的评价： 有用 0 没用 0 提建议 公司名称： 公司简称： 上市场所： 所属行业： 所属地域：",国内领先的移动终端游戏开发商、发行商和运营商,,,,,,14.07%,,94.15%,,7.35%,77.14%,29.26%,,一季报,109.0,3.34,游戏,77.14,29.26,14.07,94.15,7.35,,,0,0,67.23362949358469,82.035,96.28399999999999,92.65,40.0,50.0,55.0,48.0,38.0,60.0,64.0,42.0,65.67,B级（重点跟进）
688610,埃科光电,上交所,工业线扫描相机、工业面扫描相机（含大幅面扫描相机、高速面扫描相机、中小幅面扫描相机）、图像采集卡和智能光学单元等产品的设计、研发、生产和销售。,"通用设备 概念行情贴合度： PCB概念， MiniLED， 芯片概念， AI眼镜， 光伏概念， 沪股通， 基因测序， 机器人概念， 机器视觉， 融资融券， 锂电池概念 详情>> 对比>> 可比公司() 全部 收起 家未上市公司 全部 收起 市盈率(动态)： 84.508 每股收益：1.02元 [[[0,""0.24""],[1,""0.23""],[2,""0.13""],[3,""0.54""],[4,""0.85""],[5,""0.96""],[6,""0.34""],[7,""1.02""]],[[0,""2024\u4e09\u5b63\u62a5""],[1,""2024\u5e74\u62a5""],[2,""2025\u4e00\u5b63\u62a5""],[3,""2025\u4e2d\u62a5""],[4,""2025\u4e09\u5b63\u62a5""],[5,""2025\u5e74\u62a5""],[6,""2026\u4e00\u5b63\u62a5""],[7,""2026\u4e2d\u62a5""]],""\u5143""] 每股收益单位：元 同行业排名第3位 查看明细>> 每股资本公积金：20.48元 [[[0,""19.44""],[1,""19.45""],[2,""19.45""],[3,""19.46""],[4,""19.46""],[5,""19.65""],[6,""19.84""],[7,""20.48""]],[[0,""2024\u4e09\u5b63\u62a5""],[1,""2024\u5e74\u62a5""],[2,""2025\u4e00\u5b63\u62a5""],[3,""2025\u4e2d\u62a5""],[4,""2025\u4e09\u5b63\u62a5""],[5,""2025\u5e74\u62a5""],[6,""2026\u4e00\u5b63\u62a5""],[7,""2026\u4e2d\u62a5""]],""\u5143""] 每股资本公积金单位：元 同行业排名第2位 查看明细>> 分类： 中盘股 市盈率(静态)： 182.74 营业总收入： 3.78亿元 同比增长82.33% [[[0,""1.83""],[1,""2.48""],[2,""0.75""],[3,""2.07""],[4,""3.34""],[5,""4.40""],[6,""1.47""],[7,""3.78""]],[[0,""2024\u4e09\u5b63\u62a5""],[1,""2024\u5e74\u62a5""],[2,""2025\u4e00\u5b63\u62a5""],[3,""2025\u4e2d\u62a5""],[4,""2025\u4e09\u5b63\u62a5""],[5,""2025\u5e74\u62a5""],[6,""2026\u4e00\u5b63\u62a5""],[7,""2026\u4e2d\u62a5""]],""\u4ebf\u5143""] 营业总收入单位：亿元 同行业排名第22位 查看明细>> 每股未分配利润：3.13元 [[[0,""1.49""],[1,""1.46""],[2,""1.59""],[3,""1.99""],[4,""2.10""],[5,""2.11""],[6,""2.45""],[7,""3.13""]],[[0,""2024\u4e09\u5b63\u62a5""],[1,""2024\u5e74\u62a5""],[2,""2025\u4e00\u5b63\u62a5""],[3,""2025\u4e2d\u62a5""],[4,""2025\u4e09\u5b63\u62a5""],[5,""2025\u5e74\u62a5""],[6,""2026\u4e00\u5b63\u62a5""],[7,""2026\u4e2d\u62a5""]],""\u5143""] 每股未分配利润单位：元 同行业排名第18位 查看明细>> 总股本： 0.68亿股 市净率： 7.12 净利润： 0.69亿元 同比增长91.92% [[[0,""0.16""],[1,""0.16""],[2,""0.09""],[3,""0.36""],[4,""0.57""],[5,""0.64""],[6,""0.23""],[7,""0.69""]],[[0,""2024\u4e09\u5b63\u62a5""],[1,""2024\u5e74\u62a5""],[2,""2025\u4e00\u5b63\u62a5""],[3,""2025\u4e2d\u62a5""],[4,""2025\u4e09\u5b63\u62a5""],[5,""2025\u5e74\u62a5""],[6,""2026\u4e00\u5b63\u62a5""],[7,""2026\u4e2d\u62a5""]],""\u4ebf\u5143""] 净利润单位：亿元 同行业排名第13位 查看明细>> 每股经营现金流：-0.43元 [[[0,""-0.01""],[1,""0.47""],[2,""-0.34""],[3,""0.06""],[4,""-0.10""],[5,""0.46""],[6,""-0.03""],[7,""-0.43""]],[[0,""2024\u4e09\u5b63\u62a5""],[1,""2024\u5e74\u62a5""],[2,""2025\u4e00\u5b63\u62a5""],[3,""2025\u4e2d\u62a5""],[4,""2025\u4e09\u5b63\u62a5""],[5,""2025\u5e74\u62a5""],[6,""2026\u4e00\u5b63\u62a5""],[7,""2026\u4e2d\u62a5""]],""\u5143""] 每股经营现金流单位：元 同行业排名第44位 查看明细>> 总市值：116亿 每股净资产：24.14元 [[[0,""21.36""],[1,""21.36""],[2,""21.49""],[3,""21.90""],[4,""22.01""],[5,""22.30""],[6,""22.83""],[7,""24.14""]],[[0,""2024\u4e09\u5b63\u62a5""],[1,""2024\u5e74\u62a5""],[2,""2025\u4e00\u5b63\u62a5""],[3,""2025\u4e2d\u62a5""],[4,""2025\u4e09\u5b63\u62a5""],[5,""2025\u5e74\u62a5""],[6,""2026\u4e00\u5b63\u62a5""],[7,""2026\u4e2d\u62a5""]],""\u5143""] 每股净资产单位：元 同行业排名第2位 查看明细>> 毛利率：43.01% [[[0,""40.99""],[1,""40.30""],[2,""39.83""],[3,""41.16""],[4,""41.16""],[5,""41.51""],[6,""42.97""],[7,""43.01""]],[[0,""2024\u4e09\u5b63\u62a5""],[1,""2024\u5e74\u62a5""],[2,""2025\u4e00\u5b63\u62a5""],[3,""2025\u4e2d\u62a5""],[4,""2025\u4e09\u5b63\u62a5""],[5,""2025\u5e74\u62a5""],[6,""2026\u4e00\u5b63\u62a5""],[7,""2026\u4e2d\u62a5""]],""""] 毛利率单位：% 同行业排名第29位 查看明细>> 净资产收益率：4.38% [[[0,""1.09""],[1,""1.07""],[2,""0.59""],[3,""2.45""],[4,""3.82""],[5,""4.44""],[6,""1.51""],[7,""4.38""]],[[0,""2024\u4e09\u5b63\u62a5""],[1,""2024\u5e74\u62a5""],[2,""2025\u4e00\u5b63\u62a5""],[3,""2025\u4e2d\u62a5""],[4,""2025\u4e09\u5b63\u62a5""],[5,""2025\u5e74\u62a5""],[6,""2026\u4e00\u5b63\u62a5""],[7,""2026\u4e2d\u62a5""]],""""] 净资产收益率单位：% 同行业排名第11位 查看明细>> 流通A股：0.41亿股 最新解禁： 2027-01-19 解禁股份类型： 首发原股东限售股份 解禁数量： 2706.74万股 公告解禁数量为上市公司公告符合解禁条件的股份数量。实际可售为公告解禁数量除去股权质押、高管禁售等部分，实际可以在市场出售的股份数量。 解禁时间 公告解禁 实际可售 解禁股成本 2025-07-21 68.00万 68.00万 -- 2025-01-20 1621.24万 1621.24万 -- 2024-10-29 772.02万 772.02万 -- 历史解禁详情表 占总股本比例： 39.81% 以上为中报 您对此栏目的评价： 有用 0 没用 0 提建议 公司名称： 公司简称： 上市场所： 所属行业： 所属地域：",中国2D工业相机销售额国产品牌前四，获评“2024机器视觉产业链TOP30”，公司多型号线扫描相机在国内PCB检测设备头部企业的光学检测设备中的市占率领先,,,,,,95.79%,,169.09%,,14.83%,42.97%,15.83%,,一季报,116.0,3.78,通用设备,42.97,15.83,95.79,169.09,14.83,,,0,0,68.01139152858275,100.0,64.112,85.17,48.0,50.0,55.0,48.0,38.0,60.0,64.0,42.0,65.64,B级（重点跟进）
300726,宏达电子,深交所,以高可靠电子元器件和电路模块为核心进行研发、生产、销售及相关服务。,"军工电子Ⅱ 概念行情贴合度： 共封装光学(CPO)， 超级电容， 芯片概念， 5G， MLCC概念， 传感器， 大飞机， 海工装备， 华为概念， 华为海思概念股， 军工， 融资融券， 商业航天， 深股通 详情>> 对比>> 可比公司() 全部 收起 家未上市公司 全部 收起 市盈率(动态)： 50.086 每股收益：0.55元 [[[0,""0.64""],[1,""0.68""],[2,""0.13""],[3,""0.49""],[4,""0.79""],[5,""0.97""],[6,""0.23""],[7,""0.55""]],[[0,""2024\u4e09\u5b63\u62a5""],[1,""2024\u5e74\u62a5""],[2,""2025\u4e00\u5b63\u62a5""],[3,""2025\u4e2d\u62a5""],[4,""2025\u4e09\u5b63\u62a5""],[5,""2025\u5e74\u62a5""],[6,""2026\u4e00\u5b63\u62a5""],[7,""2026\u4e2d\u62a5""]],""\u5143""] 每股收益单位：元 同行业排名第4位 查看明细>> 每股资本公积金：4.16元 [[[0,""4.09""],[1,""4.10""],[2,""4.14""],[3,""4.14""],[4,""4.15""],[5,""4.17""],[6,""4.17""],[7,""4.16""]],[[0,""2024\u4e09\u5b63\u62a5""],[1,""2024\u5e74\u62a5""],[2,""2025\u4e00\u5b63\u62a5""],[3,""2025\u4e2d\u62a5""],[4,""2025\u4e09\u5b63\u62a5""],[5,""2025\u5e74\u62a5""],[6,""2026\u4e00\u5b63\u62a5""],[7,""2026\u4e2d\u62a5""]],""\u5143""] 每股资本公积金单位：元 同行业排名第26位 查看明细>> 分类： 中盘股 市盈率(静态)： 56.34 营业总收入： 9.10亿元 同比增长6.26% [[[0,""11.82""],[1,""15.86""],[2,""3.28""],[3,""8.57""],[4,""14.04""],[5,""18.87""],[6,""3.67""],[7,""9.10""]],[[0,""2024\u4e09\u5b63\u62a5""],[1,""2024\u5e74\u62a5""],[2,""2025\u4e00\u5b63\u62a5""],[3,""2025\u4e2d\u62a5""],[4,""2025\u4e09\u5b63\u62a5""],[5,""2025\u5e74\u62a5""],[6,""2026\u4e00\u5b63\u62a5""],[7,""2026\u4e2d\u62a5""]],""\u4ebf\u5143""] 营业总收入单位：亿元 同行业排名第13位 查看明细>> 每股未分配利润：5.81元 [[[0,""5.99""],[1,""5.97""],[2,""6.07""],[3,""5.86""],[4,""6.16""],[5,""6.26""],[6,""6.49""],[7,""5.81""]],[[0,""2024\u4e09\u5b63\u62a5""],[1,""2024\u5e74\u62a5""],[2,""2025\u4e00\u5b63\u62a5""],[3,""2025\u4e2d\u62a5""],[4,""2025\u4e09\u5b63\u62a5""],[5,""2025\u5e74\u62a5""],[6,""2026\u4e00\u5b63\u62a5""],[7,""2026\u4e2d\u62a5""]],""\u5143""] 每股未分配利润单位：元 同行业排名第6位 查看明细>> 总股本： 4.12亿股 市净率： 4.59 净利润： 2.26亿元 同比增长11.38% [[[0,""2.62""],[1,""2.79""],[2,""0.55""],[3,""2.03""],[4,""3.27""],[5,""4.01""],[6,""0.94""],[7,""2.26""]],[[0,""2024\u4e09\u5b63\u62a5""],[1,""2024\u5e74\u62a5""],[2,""2025\u4e00\u5b63\u62a5""],[3,""2025\u4e2d\u62a5""],[4,""2025\u4e09\u5b63\u62a5""],[5,""2025\u5e74\u62a5""],[6,""2026\u4e00\u5b63\u62a5""],[7,""2026\u4e2d\u62a5""]],""\u4ebf\u5143""] 净利润单位：亿元 同行业排名第6位 查看明细>> 每股经营现金流：0.92元 [[[0,""1.00""],[1,""1.23""],[2,""0.11""],[3,""0.72""],[4,""0.71""],[5,""0.96""],[6,""0.05""],[7,""0.92""]],[[0,""2024\u4e09\u5b63\u62a5""],[1,""2024\u5e74\u62a5""],[2,""2025\u4e00\u5b63\u62a5""],[3,""2025\u4e2d\u62a5""],[4,""2025\u4e09\u5b63\u62a5""],[5,""2025\u5e74\u62a5""],[6,""2026\u4e00\u5b63\u62a5""],[7,""2026\u4e2d\u62a5""]],""\u5143""] 每股经营现金流单位：元 同行业排名第3位 查看明细>> 总市值：226亿 每股净资产：11.95元 [[[0,""11.91""],[1,""11.96""],[2,""12.11""],[3,""11.90""],[4,""12.20""],[5,""12.41""],[6,""12.64""],[7,""11.95""]],[[0,""2024\u4e09\u5b63\u62a5""],[1,""2024\u5e74\u62a5""],[2,""2025\u4e00\u5b63\u62a5""],[3,""2025\u4e2d\u62a5""],[4,""2025\u4e09\u5b63\u62a5""],[5,""2025\u5e74\u62a5""],[6,""2026\u4e00\u5b63\u62a5""],[7,""2026\u4e2d\u62a5""]],""\u5143""] 每股净资产单位：元 同行业排名第13位 查看明细>> 毛利率：58.35% [[[0,""61.45""],[1,""57.63""],[2,""59.22""],[3,""57.30""],[4,""58.24""],[5,""58.41""],[6,""60.00""],[7,""58.35""]],[[0,""2024\u4e09\u5b63\u62a5""],[1,""2024\u5e74\u62a5""],[2,""2025\u4e00\u5b63\u62a5""],[3,""2025\u4e2d\u62a5""],[4,""2025\u4e09\u5b63\u62a5""],[5,""2025\u5e74\u62a5""],[6,""2026\u4e00\u5b63\u62a5""],[7,""2026\u4e2d\u62a5""]],""""] 毛利率单位：% 同行业排名第6位 查看明细>> 净资产收益率：4.32% [[[0,""5.40""],[1,""5.77""],[2,""1.11""],[3,""4.02""],[4,""6.31""],[5,""7.99""],[6,""1.82""],[7,""4.32""]],[[0,""2024\u4e09\u5b63\u62a5""],[1,""2024\u5e74\u62a5""],[2,""2025\u4e00\u5b63\u62a5""],[3,""2025\u4e2d\u62a5""],[4,""2025\u4e09\u5b63\u62a5""],[5,""2025\u5e74\u62a5""],[6,""2026\u4e00\u5b63\u62a5""],[7,""2026\u4e2d\u62a5""]],""""] 净资产收益率单位：% 同行业排名第11位 查看明细>> 流通A股：2.14亿股 以上为中报 您对此栏目的评价： 有用 0 没用 0 提建议 公司名称： 公司简称： 上市场所： 所属行业： 所属地域：",国内高可靠钽电容器龙头企业，已成为多家国内头部服务器和固态硬盘厂商合格供应商,,,,,,11.68%,,70.77%,,8.60%,60.00%,31.05%,,一季报,226.0,9.1,军工电子,60.0,31.05,11.68,70.77,8.6,,,0,0,74.86406069300261,80.84,86.0,91.4,48.0,50.0,55.0,48.0,38.0,60.0,64.0,42.0,65.63,B级（重点跟进）
688019,安集科技,上交所,关键半导体材料的研发和产业化。,"电子化学品Ⅱ 概念行情贴合度： 中芯国际概念， 存储芯片， 先进封装， 第三代半导体， 光刻胶， 沪股通， 融资融券， 上海自贸区， 芯片概念， 专精特新 详情>> 对比>> 可比公司() 全部 收起 家未上市公司 全部 收起 市盈率(动态)： 51.317 每股收益：2.38元 [[[0,""1.01""],[1,""1.01""],[2,""1.72""],[3,""3.62""],[4,""4.66""],[5,""1.23""],[6,""0.91""],[7,""2.38""]],[[0,""2025\u4e00\u5b63\u62a5""],[1,""\u5206\u7ea2\u8f6c\u589e""],[2,""2025\u4e2d\u62a5""],[3,""2025\u4e09\u5b63\u62a5""],[4,""2025\u5e74\u62a5""],[5,""2026\u4e00\u5b63\u62a5""],[6,""\u5206\u7ea2\u8f6c\u589e""],[7,""2026\u4e2d\u62a5""]],""\u5143""] 每股收益单位：元 同行业排名第1位 查看明细>> 每股资本公积金：8.47元 [[[0,""8.33""],[1,""6.41""],[2,""6.22""],[3,""6.40""],[4,""6.54""],[5,""11.20""],[6,""8.62""],[7,""8.47""]],[[0,""2025\u4e00\u5b63\u62a5""],[1,""\u5206\u7ea2\u8f6c\u589e""],[2,""2025\u4e2d\u62a5""],[3,""2025\u4e09\u5b63\u62a5""],[4,""2025\u5e74\u62a5""],[5,""2026\u4e00\u5b63\u62a5""],[6,""\u5206\u7ea2\u8f6c\u589e""],[7,""2026\u4e2d\u62a5""]],""\u5143""] 每股资本公积金单位：元 同行业排名第6位 查看明细>> 分类： 大盘股 市盈率(静态)： 69.64 营业总收入： 15.26亿元 同比增长33.72% [[[0,""5.45""],[1,""5.45""],[2,""11.41""],[3,""18.12""],[4,""25.04""],[5,""7.24""],[6,""7.24""],[7,""15.26""]],[[0,""2025\u4e00\u5b63\u62a5""],[1,""\u5206\u7ea2\u8f6c\u589e""],[2,""2025\u4e2d\u62a5""],[3,""2025\u4e09\u5b63\u62a5""],[4,""2025\u5e74\u62a5""],[5,""2026\u4e00\u5b63\u62a5""],[6,""\u5206\u7ea2\u8f6c\u589e""],[7,""2026\u4e2d\u62a5""]],""\u4ebf\u5143""] 营业总收入单位：亿元 同行业排名第10位 查看明细>> 每股未分配利润：11.47元 [[[0,""12.59""],[1,""9.69""],[2,""10.57""],[3,""11.91""],[4,""12.84""],[5,""13.55""],[6,""10.43""],[7,""11.47""]],[[0,""2025\u4e00\u5b63\u62a5""],[1,""\u5206\u7ea2\u8f6c\u589e""],[2,""2025\u4e2d\u62a5""],[3,""2025\u4e09\u5b63\u62a5""],[4,""2025\u5e74\u62a5""],[5,""2026\u4e00\u5b63\u62a5""],[6,""\u5206\u7ea2\u8f6c\u589e""],[7,""2026\u4e2d\u62a5""]],""\u5143""] 每股未分配利润单位：元 同行业排名第2位 查看明细>> 总股本： 2.28亿股 市净率： 11.23 净利润： 5.32亿元 同比增长41.56% [[[0,""1.69""],[1,""1.69""],[2,""3.76""],[3,""6.08""],[4,""7.84""],[5,""2.08""],[6,""2.08""],[7,""5.32""]],[[0,""2025\u4e00\u5b63\u62a5""],[1,""\u5206\u7ea2\u8f6c\u589e""],[2,""2025\u4e2d\u62a5""],[3,""2025\u4e09\u5b63\u62a5""],[4,""2025\u5e74\u62a5""],[5,""2026\u4e00\u5b63\u62a5""],[6,""\u5206\u7ea2\u8f6c\u589e""],[7,""2026\u4e2d\u62a5""]],""\u4ebf\u5143""] 净利润单位：亿元 同行业排名第1位 查看明细>> 每股经营现金流：1.41元 [[[0,""0.45""],[1,""0.34""],[2,""1.46""],[3,""1.63""],[4,""2.61""],[5,""0.80""],[6,""0.62""],[7,""1.41""]],[[0,""2025\u4e00\u5b63\u62a5""],[1,""\u5206\u7ea2\u8f6c\u589e""],[2,""2025\u4e2d\u62a5""],[3,""2025\u4e09\u5b63\u62a5""],[4,""2025\u5e74\u62a5""],[5,""2026\u4e00\u5b63\u62a5""],[6,""\u5206\u7ea2\u8f6c\u589e""],[7,""2026\u4e2d\u62a5""]],""\u5143""] 每股经营现金流单位：元 同行业排名第1位 查看明细>> 总市值：544亿 每股净资产：21.29元 [[[0,""22.27""],[1,""17.14""],[2,""18.07""],[3,""19.71""],[4,""20.86""],[5,""26.22""],[6,""20.17""],[7,""21.29""]],[[0,""2025\u4e00\u5b63\u62a5""],[1,""\u5206\u7ea2\u8f6c\u589e""],[2,""2025\u4e2d\u62a5""],[3,""2025\u4e09\u5b63\u62a5""],[4,""2025\u5e74\u62a5""],[5,""2026\u4e00\u5b63\u62a5""],[6,""\u5206\u7ea2\u8f6c\u589e""],[7,""2026\u4e2d\u62a5""]],""\u5143""] 每股净资产单位：元 同行业排名第3位 查看明细>> 毛利率：55.63% [[[0,""55.70""],[1,""55.70""],[2,""56.39""],[3,""56.61""],[4,""56.72""],[5,""55.46""],[6,""55.46""],[7,""55.63""]],[[0,""2025\u4e00\u5b63\u62a5""],[1,""\u5206\u7ea2\u8f6c\u589e""],[2,""2025\u4e2d\u62a5""],[3,""2025\u4e09\u5b63\u62a5""],[4,""2025\u5e74\u62a5""],[5,""2026\u4e00\u5b63\u62a5""],[6,""\u5206\u7ea2\u8f6c\u589e""],[7,""2026\u4e2d\u62a5""]],""""] 毛利率单位：% 同行业排名第5位 查看明细>> 净资产收益率：12.56% [[[0,""6.05""],[1,""6.05""],[2,""12.98""],[3,""20.20""],[4,""25.18""],[5,""5.70""],[6,""5.70""],[7,""12.56""]],[[0,""2025\u4e00\u5b63\u62a5""],[1,""\u5206\u7ea2\u8f6c\u589e""],[2,""2025\u4e2d\u62a5""],[3,""2025\u4e09\u5b63\u62a5""],[4,""2025\u5e74\u62a5""],[5,""2026\u4e00\u5b63\u62a5""],[6,""\u5206\u7ea2\u8f6c\u589e""],[7,""2026\u4e2d\u62a5""]],""""] 净资产收益率单位：% 同行业排名第2位 查看明细>> 流通A股：2.28亿股 以上为中报 您对此栏目的评价： 有用 0 没用 0 提建议 公司名称： 公司简称： 上市场所： 所属行业： 所属地域：",产品化学机械抛光液和光刻胶去除剂为关键半导体材料，打破国外垄断,,,,,,32.76%,,23.01%,,15.70%,55.46%,28.69%,,一季报,544.0,15.26,电子化学品,55.46,28.69,32.76,23.01,15.7,,,0,0,81.3618090383213,77.88499999999999,83.276,84.3,56.0,50.0,55.0,48.0,56.0,60.0,54.0,42.0,65.61,B级（重点跟进）
688603,天承科技,上交所,印制线路板、先进封装（包括封装载板）和集成电路所需要的专用功能性湿电子化学品的研发、生产和销售。,"电子化学品Ⅱ 概念行情贴合度： 玻璃基板， 先进封装， PCB概念， 2026中报预增， 沪股通， 融资融券， 芯片概念 详情>> 对比>> 可比公司() 全部 收起 家未上市公司 全部 收起 市盈率(动态)： 120.617 每股收益：0.49元 [[[0,""0.89""],[1,""0.15""],[2,""0.15""],[3,""0.29""],[4,""0.48""],[5,""0.69""],[6,""0.24""],[7,""0.49""]],[[0,""\u5206\u7ea2\u8f6c\u589e""],[1,""2025\u4e00\u5b63\u62a5""],[2,""\u5206\u7ea2\u8f6c\u589e""],[3,""2025\u4e2d\u62a5""],[4,""2025\u4e09\u5b63\u62a5""],[5,""2025\u5e74\u62a5""],[6,""2026\u4e00\u5b63\u62a5""],[7,""2026\u4e2d\u62a5""]],""\u5143""] 每股收益单位：元 同行业排名第9位 查看明细>> 每股资本公积金：6.27元 [[[0,""9.78""],[1,""9.80""],[2,""6.60""],[3,""6.31""],[4,""6.20""],[5,""6.22""],[6,""6.22""],[7,""6.27""]],[[0,""\u5206\u7ea2\u8f6c\u589e""],[1,""2025\u4e00\u5b63\u62a5""],[2,""\u5206\u7ea2\u8f6c\u589e""],[3,""2025\u4e2d\u62a5""],[4,""2025\u4e09\u5b63\u62a5""],[5,""2025\u5e74\u62a5""],[6,""2026\u4e00\u5b63\u62a5""],[7,""2026\u4e2d\u62a5""]],""\u5143""] 每股资本公积金单位：元 同行业排名第8位 查看明细>> 分类： 中盘股 市盈率(静态)： 171.46 营业总收入： 3.06亿元 同比增长43.74% [[[0,""3.81""],[1,""1.02""],[2,""1.02""],[3,""2.13""],[4,""3.34""],[5,""4.71""],[6,""1.45""],[7,""3.06""]],[[0,""\u5206\u7ea2\u8f6c\u589e""],[1,""2025\u4e00\u5b63\u62a5""],[2,""\u5206\u7ea2\u8f6c\u589e""],[3,""2025\u4e2d\u62a5""],[4,""2025\u4e09\u5b63\u62a5""],[5,""2025\u5e74\u62a5""],[6,""2026\u4e00\u5b63\u62a5""],[7,""2026\u4e2d\u62a5""]],""\u4ebf\u5143""] 营业总收入单位：亿元 同行业排名第36位 查看明细>> 每股未分配利润：2.78元 [[[0,""2.88""],[1,""3.11""],[2,""2.09""],[3,""2.03""],[4,""2.22""],[5,""2.43""],[6,""2.67""],[7,""2.78""]],[[0,""\u5206\u7ea2\u8f6c\u589e""],[1,""2025\u4e00\u5b63\u62a5""],[2,""\u5206\u7ea2\u8f6c\u589e""],[3,""2025\u4e2d\u62a5""],[4,""2025\u4e09\u5b63\u62a5""],[5,""2025\u5e74\u62a5""],[6,""2026\u4e00\u5b63\u62a5""],[7,""2026\u4e2d\u62a5""]],""\u5143""] 每股未分配利润单位：元 同行业排名第14位 查看明细>> 总股本： 1.25亿股 市净率： 11.96 净利润： 0.62亿元 同比增长67.72% [[[0,""0.75""],[1,""0.19""],[2,""0.19""],[3,""0.37""],[4,""0.60""],[5,""0.87""],[6,""0.30""],[7,""0.62""]],[[0,""\u5206\u7ea2\u8f6c\u589e""],[1,""2025\u4e00\u5b63\u62a5""],[2,""\u5206\u7ea2\u8f6c\u589e""],[3,""2025\u4e2d\u62a5""],[4,""2025\u4e09\u5b63\u62a5""],[5,""2025\u5e74\u62a5""],[6,""2026\u4e00\u5b63\u62a5""],[7,""2026\u4e2d\u62a5""]],""\u4ebf\u5143""] 净利润单位：亿元 同行业排名第24位 查看明细>> 每股经营现金流：0.08元 [[[0,""0.85""],[1,""0.10""],[2,""0.07""],[3,""0.23""],[4,""0.28""],[5,""0.49""],[6,""-0.08""],[7,""0.08""]],[[0,""\u5206\u7ea2\u8f6c\u589e""],[1,""2025\u4e00\u5b63\u62a5""],[2,""\u5206\u7ea2\u8f6c\u589e""],[3,""2025\u4e2d\u62a5""],[4,""2025\u4e09\u5b63\u62a5""],[5,""2025\u5e74\u62a5""],[6,""2026\u4e00\u5b63\u62a5""],[7,""2026\u4e2d\u62a5""]],""\u5143""] 每股经营现金流单位：元 同行业排名第26位 查看明细>> 总市值：148亿 每股净资产：9.96元 [[[0,""13.36""],[1,""13.60""],[2,""9.16""],[3,""9.14""],[4,""9.35""],[5,""9.58""],[6,""9.81""],[7,""9.96""]],[[0,""\u5206\u7ea2\u8f6c\u589e""],[1,""2025\u4e00\u5b63\u62a5""],[2,""\u5206\u7ea2\u8f6c\u589e""],[3,""2025\u4e2d\u62a5""],[4,""2025\u4e09\u5b63\u62a5""],[5,""2025\u5e74\u62a5""],[6,""2026\u4e00\u5b63\u62a5""],[7,""2026\u4e2d\u62a5""]],""\u5143""] 每股净资产单位：元 同行业排名第10位 查看明细>> 毛利率：36.98% [[[0,""39.85""],[1,""42.19""],[2,""42.19""],[3,""40.06""],[4,""40.29""],[5,""40.04""],[6,""37.88""],[7,""36.98""]],[[0,""\u5206\u7ea2\u8f6c\u589e""],[1,""2025\u4e00\u5b63\u62a5""],[2,""\u5206\u7ea2\u8f6c\u589e""],[3,""2025\u4e2d\u62a5""],[4,""2025\u4e09\u5b63\u62a5""],[5,""2025\u5e74\u62a5""],[6,""2026\u4e00\u5b63\u62a5""],[7,""2026\u4e2d\u62a5""]],""""] 毛利率单位：% 同行业排名第12位 查看明细>> 净资产收益率：5.03% [[[0,""6.80""],[1,""1.68""],[2,""1.68""],[3,""3.20""],[4,""5.16""],[5,""7.53""],[6,""2.48""],[7,""5.03""]],[[0,""\u5206\u7ea2\u8f6c\u589e""],[1,""2025\u4e00\u5b63\u62a5""],[2,""\u5206\u7ea2\u8f6c\u589e""],[3,""2025\u4e2d\u62a5""],[4,""2025\u4e09\u5b63\u62a5""],[5,""2025\u5e74\u62a5""],[6,""2026\u4e00\u5b63\u62a5""],[7,""2026\u4e2d\u62a5""]],""""] 净资产收益率单位：% 同行业排名第12位 查看明细>> 流通A股：1.25亿股 以上为中报 您对此栏目的评价： 有用 0 没用 0 提建议 公司名称： 公司简称： 上市场所： 所属行业： 所属地域：",国内领先的PCB专用功能性湿电子化学品供应商，沉铜电镀专用化学品国内市占率领先,,,,,,42.41%,,57.79%,,9.34%,37.88%,20.57%,,一季报,148.0,3.06,电子化学品,37.88,20.57,42.41,57.79,9.34,,,0,0,68.35109259469776,96.205,65.798,90.66,48.0,50.0,55.0,48.0,38.0,60.0,64.0,42.0,65.51,B级（重点跟进）
300373,扬杰科技,深交所,半导体器件、半导体芯片、半导体硅片等半导体分立器件产品的研发、生产和销售。,"半导体 概念行情贴合度： 中芯国际概念， 第三代半导体， 汽车芯片， 5G， AI眼镜， 比亚迪概念， 充电桩， 储能， 低空经济， 高压快充， 固态电池， 光伏概念， 华为概念， 华为汽车， 宁德时代概念， 人形机器人， 融资融券， 深股通， 数据中心(AIDC)， 特斯拉概念， 无人机， 小米概念， 小米汽车， 芯片概念， 新能源汽车， 英伟达概念 详情>> 对比>> 可比公司() 全部 收起 家未上市公司 全部 收起 市盈率(动态)： 32.855 每股收益：1.42元 [[[0,""1.23""],[1,""1.85""],[2,""0.50""],[3,""1.12""],[4,""1.86""],[5,""2.33""],[6,""0.71""],[7,""1.42""]],[[0,""2024\u4e09\u5b63\u62a5""],[1,""2024\u5e74\u62a5""],[2,""2025\u4e00\u5b63\u62a5""],[3,""2025\u4e2d\u62a5""],[4,""2025\u4e09\u5b63\u62a5""],[5,""2025\u5e74\u62a5""],[6,""2026\u4e00\u5b63\u62a5""],[7,""2026\u4e2d\u62a5""]],""\u5143""] 每股收益单位：元 同行业排名第2位 查看明细>> 每股资本公积金：7.58元 [[[0,""7.49""],[1,""7.49""],[2,""7.49""],[3,""7.49""],[4,""7.49""],[5,""7.54""],[6,""7.54""],[7,""7.58""]],[[0,""2024\u4e09\u5b63\u62a5""],[1,""2024\u5e74\u62a5""],[2,""2025\u4e00\u5b63\u62a5""],[3,""2025\u4e2d\u62a5""],[4,""2025\u4e09\u5b63\u62a5""],[5,""2025\u5e74\u62a5""],[6,""2026\u4e00\u5b63\u62a5""],[7,""2026\u4e2d\u62a5""]],""\u5143""] 每股资本公积金单位：元 同行业排名第10位 查看明细>> 分类： 大盘股 市盈率(静态)： 40.24 营业总收入： 45.15亿元 同比增长30.69% [[[0,""44.24""],[1,""60.33""],[2,""15.79""],[3,""34.55""],[4,""53.48""],[5,""71.30""],[6,""21.30""],[7,""45.15""]],[[0,""2024\u4e09\u5b63\u62a5""],[1,""2024\u5e74\u62a5""],[2,""2025\u4e00\u5b63\u62a5""],[3,""2025\u4e2d\u62a5""],[4,""2025\u4e09\u5b63\u62a5""],[5,""2025\u5e74\u62a5""],[6,""2026\u4e00\u5b63\u62a5""],[7,""2026\u4e2d\u62a5""]],""\u4ebf\u5143""] 营业总收入单位：亿元 同行业排名第1位 查看明细>> 每股未分配利润：9.68元 [[[0,""6.65""],[1,""7.26""],[2,""7.77""],[3,""7.97""],[4,""8.24""],[5,""8.76""],[6,""9.47""],[7,""9.68""]],[[0,""2024\u4e09\u5b63\u62a5""],[1,""2024\u5e74\u62a5""],[2,""2025\u4e00\u5b63\u62a5""],[3,""2025\u4e2d\u62a5""],[4,""2025\u4e09\u5b63\u62a5""],[5,""2025\u5e74\u62a5""],[6,""2026\u4e00\u5b63\u62a5""],[7,""2026\u4e2d\u62a5""]],""\u5143""] 每股未分配利润单位：元 同行业排名第2位 查看明细>> 总股本： 5.43亿股 市净率： 5.06 净利润： 7.71亿元 同比增长28.18% [[[0,""6.69""],[1,""10.02""],[2,""2.73""],[3,""6.01""],[4,""9.74""],[5,""12.59""],[6,""3.85""],[7,""7.71""]],[[0,""2024\u4e09\u5b63\u62a5""],[1,""2024\u5e74\u62a5""],[2,""2025\u4e00\u5b63\u62a5""],[3,""2025\u4e2d\u62a5""],[4,""2025\u4e09\u5b63\u62a5""],[5,""2025\u5e74\u62a5""],[6,""2026\u4e00\u5b63\u62a5""],[7,""2026\u4e2d\u62a5""]],""\u4ebf\u5143""] 净利润单位：亿元 同行业排名第1位 查看明细>> 每股经营现金流：0.92元 [[[0,""1.63""],[1,""2.56""],[2,""0.48""],[3,""1.39""],[4,""1.87""],[5,""3.13""],[6,""0.32""],[7,""0.92""]],[[0,""2024\u4e09\u5b63\u62a5""],[1,""2024\u5e74\u62a5""],[2,""2025\u4e00\u5b63\u62a5""],[3,""2025\u4e2d\u62a5""],[4,""2025\u4e09\u5b63\u62a5""],[5,""2025\u5e74\u62a5""],[6,""2026\u4e00\u5b63\u62a5""],[7,""2026\u4e2d\u62a5""]],""\u5143""] 每股经营现金流单位：元 同行业排名第3位 查看明细>> 总市值：506亿 每股净资产：18.44元 [[[0,""15.49""],[1,""16.13""],[2,""16.63""],[3,""16.77""],[4,""17.01""],[5,""17.56""],[6,""18.24""],[7,""18.44""]],[[0,""2024\u4e09\u5b63\u62a5""],[1,""2024\u5e74\u62a5""],[2,""2025\u4e00\u5b63\u62a5""],[3,""2025\u4e2d\u62a5""],[4,""2025\u4e09\u5b63\u62a5""],[5,""2025\u5e74\u62a5""],[6,""2026\u4e00\u5b63\u62a5""],[7,""2026\u4e2d\u62a5""]],""\u5143""] 每股净资产单位：元 同行业排名第5位 查看明细>> 毛利率：35.72% [[[0,""31.02""],[1,""33.08""],[2,""34.60""],[3,""33.79""],[4,""35.04""],[5,""34.27""],[6,""36.81""],[7,""35.72""]],[[0,""2024\u4e09\u5b63\u62a5""],[1,""2024\u5e74\u62a5""],[2,""2025\u4e00\u5b63\u62a5""],[3,""2025\u4e2d\u62a5""],[4,""2025\u4e09\u5b63\u62a5""],[5,""2025\u5e74\u62a5""],[6,""2026\u4e00\u5b63\u62a5""],[7,""2026\u4e2d\u62a5""]],""""] 毛利率单位：% 同行业排名第4位 查看明细>> 净资产收益率：7.77% [[[0,""7.82""],[1,""11.78""],[2,""3.07""],[3,""6.63""],[4,""10.55""],[5,""13.73""],[6,""3.96""],[7,""7.77""]],[[0,""2024\u4e09\u5b63\u62a5""],[1,""2024\u5e74\u62a5""],[2,""2025\u4e00\u5b63\u62a5""],[3,""2025\u4e2d\u62a5""],[4,""2025\u4e09\u5b63\u62a5""],[5,""2025\u5e74\u62a5""],[6,""2026\u4e00\u5b63\u62a5""],[7,""2026\u4e2d\u62a5""]],""""] 净资产收益率单位：% 同行业排名第2位 查看明细>> 流通A股：5.42亿股 更新日期： 2026-08-28 总质押股份数量： 252.45万股 重要股东质押数量（质押中） 股东名称 质押数量 占所持股份比 占总股本比 建水县杰杰企业管理有限公司 225.00万股 3.53% 0.41% *仅展示上市公司公告披露的股东的质押情况 质押股份占A股总股本比： 0.46% [[""0.4100"",""0.4100"",""0.4100"",""0.4100"",""0.4100"",""0.4100"",""0.4100"",""0.4100"",""0.4100"",""0.4100"",""0.4600"",""0.4600""],[""2026-06-12"",""2026-06-18"",""2026-06-26"",""2026-07-03"",""2026-07-10"",""2026-07-17"",""2026-07-24"",""2026-07-31"",""2026-08-07"",""2026-08-14"",""2026-08-21"",""2026-08-28""]] 质押股份占A股总股本比单位：% *数据来源：中登公司及上市公司最新公布的质押公告 以上为中报 您对此栏目的评价： 有用 0 没用 0 提建议 公司名称： 公司简称： 上市场所： 所属行业： 所属地域：",“中国半导体功率器件十强企业”前三强，整流桥、光伏二极管、功率二极管全球市占率领先,,,,,,34.87%,,41.01%,,39.43%,36.81%,17.81%,,一季报,506.0,45.15,半导体,36.81,17.81,34.87,41.01,39.43,,,0,1,86.03834334126887,87.94,62.396,60.57,64.0,50.0,55.0,48.0,74.0,60.0,54.0,42.0,65.38,B级（重点跟进）
603032,德新科技,上交所,精密制造业务以及交通运输业务。,"电池 概念行情贴合度： 固态电池， 锂电池概念， 比亚迪概念， 2026中报预增， 机器人概念， 减速器， 融资融券， 西部大开发， 新疆振兴 详情>> 对比>> 可比公司() 全部 收起 家未上市公司 全部 收起 市盈率(动态)： 43.912 每股收益：0.23元 [[[0,""0.07""],[1,""-0.66""],[2,""-0.0047""],[3,""0.10""],[4,""0.16""],[5,""0.18""],[6,""0.11""],[7,""0.23""]],[[0,""2024\u4e09\u5b63\u62a5""],[1,""2024\u5e74\u62a5""],[2,""2025\u4e00\u5b63\u62a5""],[3,""2025\u4e2d\u62a5""],[4,""2025\u4e09\u5b63\u62a5""],[5,""2025\u5e74\u62a5""],[6,""2026\u4e00\u5b63\u62a5""],[7,""2026\u4e2d\u62a5""]],""\u5143""] 每股收益单位：元 同行业排名第9位 查看明细>> 每股资本公积金：1.31元 [[[0,""1.35""],[1,""1.32""],[2,""1.32""],[3,""1.31""],[4,""1.32""],[5,""1.32""],[6,""1.32""],[7,""1.31""]],[[0,""2024\u4e09\u5b63\u62a5""],[1,""2024\u5e74\u62a5""],[2,""2025\u4e00\u5b63\u62a5""],[3,""2025\u4e2d\u62a5""],[4,""2025\u4e09\u5b63\u62a5""],[5,""2025\u5e74\u62a5""],[6,""2026\u4e00\u5b63\u62a5""],[7,""2026\u4e2d\u62a5""]],""\u5143""] 每股资本公积金单位：元 同行业排名第16位 查看明细>> 分类： 小盘股 市盈率(静态)： 110.16 营业总收入： 3.08亿元 同比增长22.69% [[[0,""2.29""],[1,""3.64""],[2,""0.98""],[3,""2.51""],[4,""4.12""],[5,""5.58""],[6,""1.49""],[7,""3.08""]],[[0,""2024\u4e09\u5b63\u62a5""],[1,""2024\u5e74\u62a5""],[2,""2025\u4e00\u5b63\u62a5""],[3,""2025\u4e2d\u62a5""],[4,""2025\u4e09\u5b63\u62a5""],[5,""2025\u5e74\u62a5""],[6,""2026\u4e00\u5b63\u62a5""],[7,""2026\u4e2d\u62a5""]],""\u4ebf\u5143""] 营业总收入单位：亿元 同行业排名第13位 查看明细>> 每股未分配利润：2.46元 [[[0,""2.90""],[1,""2.18""],[2,""2.18""],[3,""2.23""],[4,""2.29""],[5,""2.27""],[6,""2.38""],[7,""2.46""]],[[0,""2024\u4e09\u5b63\u62a5""],[1,""2024\u5e74\u62a5""],[2,""2025\u4e00\u5b63\u62a5""],[3,""2025\u4e2d\u62a5""],[4,""2025\u4e09\u5b63\u62a5""],[5,""2025\u5e74\u62a5""],[6,""2026\u4e00\u5b63\u62a5""],[7,""2026\u4e2d\u62a5""]],""\u5143""] 每股未分配利润单位：元 同行业排名第7位 查看明细>> 总股本： 2.33亿股 市净率： 3.95 净利润： 0.53亿元 同比增长138.81% [[[0,""0.16""],[1,""-1.51""],[2,""-0.01""],[3,""0.22""],[4,""0.37""],[5,""0.43""],[6,""0.25""],[7,""0.53""]],[[0,""2024\u4e09\u5b63\u62a5""],[1,""2024\u5e74\u62a5""],[2,""2025\u4e00\u5b63\u62a5""],[3,""2025\u4e2d\u62a5""],[4,""2025\u4e09\u5b63\u62a5""],[5,""2025\u5e74\u62a5""],[6,""2026\u4e00\u5b63\u62a5""],[7,""2026\u4e2d\u62a5""]],""\u4ebf\u5143""] 净利润单位：亿元 同行业排名第7位 查看明细>> 每股经营现金流：0.23元 [[[0,""0.48""],[1,""0.45""],[2,""-0.07""],[3,""0.19""],[4,""0.31""],[5,""0.28""],[6,""0.12""],[7,""0.23""]],[[0,""2024\u4e09\u5b63\u62a5""],[1,""2024\u5e74\u62a5""],[2,""2025\u4e00\u5b63\u62a5""],[3,""2025\u4e2d\u62a5""],[4,""2025\u4e09\u5b63\u62a5""],[5,""2025\u5e74\u62a5""],[6,""2026\u4e00\u5b63\u62a5""],[7,""2026\u4e2d\u62a5""]],""\u5143""] 每股经营现金流单位：元 同行业排名第10位 查看明细>> 总市值：46亿 每股净资产：5.09元 [[[0,""5.43""],[1,""4.68""],[2,""4.69""],[3,""4.80""],[4,""4.87""],[5,""4.89""],[6,""5.01""],[7,""5.09""]],[[0,""2024\u4e09\u5b63\u62a5""],[1,""2024\u5e74\u62a5""],[2,""2025\u4e00\u5b63\u62a5""],[3,""2025\u4e2d\u62a5""],[4,""2025\u4e09\u5b63\u62a5""],[5,""2025\u5e74\u62a5""],[6,""2026\u4e00\u5b63\u62a5""],[7,""2026\u4e2d\u62a5""]],""\u5143""] 每股净资产单位：元 同行业排名第12位 查看明细>> 毛利率：40.92% [[[0,""33.03""],[1,""30.90""],[2,""34.05""],[3,""36.50""],[4,""33.95""],[5,""35.36""],[6,""41.44""],[7,""40.92""]],[[0,""2024\u4e09\u5b63\u62a5""],[1,""2024\u5e74\u62a5""],[2,""2025\u4e00\u5b63\u62a5""],[3,""2025\u4e2d\u62a5""],[4,""2025\u4e09\u5b63\u62a5""],[5,""2025\u5e74\u62a5""],[6,""2026\u4e00\u5b63\u62a5""],[7,""2026\u4e2d\u62a5""]],""""] 毛利率单位：% 同行业排名第2位 查看明细>> 净资产收益率：4.57% [[[0,""1.31""],[1,""-13.01""],[2,""-0.10""],[3,""2.02""],[4,""3.33""],[5,""3.80""],[6,""2.17""],[7,""4.57""]],[[0,""2024\u4e09\u5b63\u62a5""],[1,""2024\u5e74\u62a5""],[2,""2025\u4e00\u5b63\u62a5""],[3,""2025\u4e2d\u62a5""],[4,""2025\u4e09\u5b63\u62a5""],[5,""2025\u5e74\u62a5""],[6,""2026\u4e00\u5b63\u62a5""],[7,""2026\u4e2d\u62a5""]],""""] 净资产收益率单位：% 同行业排名第7位 查看明细>> 流通A股：2.33亿股 最新解禁： 2027-03-08 解禁股份类型： 股权激励限售股份 解禁数量： 16.19万股 公告解禁数量为上市公司公告符合解禁条件的股份数量。实际可售为公告解禁数量除去股权质押、高管禁售等部分，实际可以在市场出售的股份数量。 解禁时间 公告解禁 实际可售 解禁股成本 2026-07-01 106.88万 106.88万 -- 2026-05-20 14.98万 14.98万 -- 2025-06-05 154.50万 154.50万 -- 历史解禁详情表 占总股本比例： 0.07% 更新日期： 2026-08-28 总质押股份数量： 4900.00万股 重要股东质押数量（质押中） 股东名称 质押数量 占所持股份比 占总股本比 德力西新疆投资集团有限公司 4900.00万股 43.75% 21.01% *仅展示上市公司公告披露的股东的质押情况 质押股份占A股总股本比： 21.01% [[""21.0100"",""21.0100"",""21.0100"",""21.0100"",""21.0100"",""21.0100"",""21.0100"",""21.0100"",""21.0100"",""21.0100"",""21.0100"",""21.0100""],[""2026-06-12"",""2026-06-18"",""2026-06-26"",""2026-07-03"",""2026-07-10"",""2026-07-17"",""2026-07-24"",""2026-07-31"",""2026-08-07"",""2026-08-14"",""2026-08-21"",""2026-08-28""]] 质押股份占A股总股本比单位：% *数据来源：中登公司及上市公司最新公布的质押公告 以上为中报 您对此栏目的评价： 有用 0 没用 0 提建议 公司名称： 公司简称： 上市场所： 所属行业： 所属地域：",主营锂电裁切模具、精密结构件以及道路旅客运输，长期专注于锂电池极片成型制作领域,,,,,,52.24%,,2436.45%,,22.93%,41.44%,19.56%,,一季报,46.0,3.08,电池,41.44,19.56,52.24,2436.45,22.93,,,0,0,62.84985336535164,100.0,66.924,77.07,40.0,50.0,55.0,48.0,38.0,60.0,80.0,42.0,65.33,B级（重点跟进）
688175,高凌信息,上交所,军用电信网通信设备、环保物联网应用产品以及网络与信息安全产品的研发、生产和销售，并能为用户提供综合解决方案。,"军工电子Ⅱ 概念行情贴合度： 6G概念， 5G， 商业航天， 股权转让(并购重组)， 军工， 军工信息化， 人工智能， 融资融券， 数据要素， 网络安全， 物联网 详情>> 对比>> 可比公司() 全部 收起 家未上市公司 全部 收起 市盈率(动态)： 754.395 每股收益：0.01元 [[[0,""-0.40""],[1,""-0.10""],[2,""-0.20""],[3,""-0.25""],[4,""-0.32""],[5,""0.03""],[6,""0.02""],[7,""0.01""]],[[0,""2024\u5e74\u62a5""],[1,""2025\u4e00\u5b63\u62a5""],[2,""2025\u4e2d\u62a5""],[3,""2025\u4e09\u5b63\u62a5""],[4,""2025\u5e74\u62a5""],[5,""2026\u4e00\u5b63\u62a5""],[6,""\u5206\u7ea2\u8f6c\u589e""],[7,""2026\u4e2d\u62a5""]],""\u5143""] 每股收益单位：元 同行业排名第26位 查看明细>> 每股资本公积金：8.49元 [[[0,""11.36""],[1,""11.37""],[2,""11.37""],[3,""11.37""],[4,""11.34""],[5,""11.34""],[6,""8.72""],[7,""8.49""]],[[0,""2024\u5e74\u62a5""],[1,""2025\u4e00\u5b63\u62a5""],[2,""2025\u4e2d\u62a5""],[3,""2025\u4e09\u5b63\u62a5""],[4,""2025\u5e74\u62a5""],[5,""2026\u4e00\u5b63\u62a5""],[6,""\u5206\u7ea2\u8f6c\u589e""],[7,""2026\u4e2d\u62a5""]],""\u5143""] 每股资本公积金单位：元 同行业排名第13位 查看明细>> 分类： 小盘股 市盈率(静态)： 亏损 营业总收入： 0.92亿元 同比下降3.7% [[[0,""2.66""],[1,""0.44""],[2,""0.95""],[3,""1.31""],[4,""2.29""],[5,""0.62""],[6,""0.62""],[7,""0.92""]],[[0,""2024\u5e74\u62a5""],[1,""2025\u4e00\u5b63\u62a5""],[2,""2025\u4e2d\u62a5""],[3,""2025\u4e09\u5b63\u62a5""],[4,""2025\u5e74\u62a5""],[5,""2026\u4e00\u5b63\u62a5""],[6,""\u5206\u7ea2\u8f6c\u589e""],[7,""2026\u4e2d\u62a5""]],""\u4ebf\u5143""] 营业总收入单位：亿元 同行业排名第52位 查看明细>> 每股未分配利润：0.49元 [[[0,""1.14""],[1,""1.05""],[2,""0.79""],[3,""0.79""],[4,""0.72""],[5,""0.75""],[6,""0.58""],[7,""0.49""]],[[0,""2024\u5e74\u62a5""],[1,""2025\u4e00\u5b63\u62a5""],[2,""2025\u4e2d\u62a5""],[3,""2025\u4e09\u5b63\u62a5""],[4,""2025\u5e74\u62a5""],[5,""2026\u4e00\u5b63\u62a5""],[6,""\u5206\u7ea2\u8f6c\u589e""],[7,""2026\u4e2d\u62a5""]],""\u5143""] 每股未分配利润单位：元 同行业排名第36位 查看明细>> 总股本： 1.68亿股 市净率： 1.93 净利润： 0.02亿元 同比增长106.62% [[[0,""-0.52""],[1,""-0.13""],[2,""-0.33""],[3,""-0.32""],[4,""-0.42""],[5,""0.04""],[6,""0.04""],[7,""0.02""]],[[0,""2024\u5e74\u62a5""],[1,""2025\u4e00\u5b63\u62a5""],[2,""2025\u4e2d\u62a5""],[3,""2025\u4e09\u5b63\u62a5""],[4,""2025\u5e74\u62a5""],[5,""2026\u4e00\u5b63\u62a5""],[6,""\u5206\u7ea2\u8f6c\u589e""],[7,""2026\u4e2d\u62a5""]],""\u4ebf\u5143""] 净利润单位：亿元 同行业排名第27位 查看明细>> 每股经营现金流：-0.31元 [[[0,""-0.52""],[1,""-0.34""],[2,""-0.59""],[3,""-0.38""],[4,""-0.34""],[5,""-0.31""],[6,""-0.24""],[7,""-0.31""]],[[0,""2024\u5e74\u62a5""],[1,""2025\u4e00\u5b63\u62a5""],[2,""2025\u4e2d\u62a5""],[3,""2025\u4e09\u5b63\u62a5""],[4,""2025\u5e74\u62a5""],[5,""2026\u4e00\u5b63\u62a5""],[6,""\u5206\u7ea2\u8f6c\u589e""],[7,""2026\u4e2d\u62a5""]],""\u5143""] 每股经营现金流单位：元 同行业排名第46位 查看明细>> 总市值：32亿 每股净资产：10.16元 [[[0,""13.80""],[1,""13.71""],[2,""13.46""],[3,""13.46""],[4,""13.36""],[5,""13.39""],[6,""10.30""],[7,""10.16""]],[[0,""2024\u5e74\u62a5""],[1,""2025\u4e00\u5b63\u62a5""],[2,""2025\u4e2d\u62a5""],[3,""2025\u4e09\u5b63\u62a5""],[4,""2025\u5e74\u62a5""],[5,""2026\u4e00\u5b63\u62a5""],[6,""\u5206\u7ea2\u8f6c\u589e""],[7,""2026\u4e2d\u62a5""]],""\u5143""] 每股净资产单位：元 同行业排名第18位 查看明细>> 毛利率：41.14% [[[0,""39.93""],[1,""36.34""],[2,""30.27""],[3,""29.46""],[4,""35.48""],[5,""47.01""],[6,""47.01""],[7,""41.14""]],[[0,""2024\u5e74\u62a5""],[1,""2025\u4e00\u5b63\u62a5""],[2,""2025\u4e2d\u62a5""],[3,""2025\u4e09\u5b63\u62a5""],[4,""2025\u5e74\u62a5""],[5,""2026\u4e00\u5b63\u62a5""],[6,""\u5206\u7ea2\u8f6c\u589e""],[7,""2026\u4e2d\u62a5""]],""""] 毛利率单位：% 同行业排名第18位 查看明细>> 净资产收益率：0.13% [[[0,""-2.84""],[1,""-0.68""],[2,""-1.78""],[3,""-1.84""],[4,""-2.39""],[5,""0.23""],[6,""0.23""],[7,""0.13""]],[[0,""2024\u5e74\u62a5""],[1,""2025\u4e00\u5b63\u62a5""],[2,""2025\u4e2d\u62a5""],[3,""2025\u4e09\u5b63\u62a5""],[4,""2025\u5e74\u62a5""],[5,""2026\u4e00\u5b63\u62a5""],[6,""\u5206\u7ea2\u8f6c\u589e""],[7,""2026\u4e2d\u62a5""]],""""] 净资产收益率单位：% 同行业排名第28位 查看明细>> 流通A股：1.68亿股 以上为中报 您对此栏目的评价： 有用 0 没用 0 提建议 公司名称： 公司简称： 上市场所： 所属行业： 所属地域：",国内军用电信网通信装备的主要供应商，程控交换系统设备在军用通信领域市占率较高,,,,,,40.80%,,131.22%,,8.89%,47.01%,6.40%,,一季报,32.0,0.92,军工电子,47.01,6.4,40.8,131.22,8.89,,,0,0,57.265425196811506,95.4,57.105999999999995,91.11,48.0,50.0,55.0,48.0,64.0,60.0,80.0,42.0,65.27,B级（重点跟进）
688230,芯导科技,上交所,功率半导体的研发与销售。,"半导体 概念行情贴合度： 第三代半导体， 芯片概念， AI手机， 5G， AI眼镜， 股权转让(并购重组)， 沪股通， 人形机器人， 融资融券， 消费电子概念， 小米概念， 智能穿戴， 专精特新 详情>> 对比>> 可比公司() 全部 收起 家未上市公司 全部 收起 市盈率(动态)： 47.078 每股收益：0.64元 [[[0,""0.70""],[1,""0.95""],[2,""0.20""],[3,""0.43""],[4,""0.63""],[5,""0.90""],[6,""0.25""],[7,""0.64""]],[[0,""2024\u4e09\u5b63\u62a5""],[1,""2024\u5e74\u62a5""],[2,""2025\u4e00\u5b63\u62a5""],[3,""2025\u4e2d\u62a5""],[4,""2025\u4e09\u5b63\u62a5""],[5,""2025\u5e74\u62a5""],[6,""2026\u4e00\u5b63\u62a5""],[7,""2026\u4e2d\u62a5""]],""\u5143""] 每股收益单位：元 同行业排名第4位 查看明细>> 每股资本公积金：15.24元 [[[0,""15.33""],[1,""15.29""],[2,""15.30""],[3,""15.31""],[4,""15.33""],[5,""15.24""],[6,""15.24""],[7,""15.24""]],[[0,""2024\u4e09\u5b63\u62a5""],[1,""2024\u5e74\u62a5""],[2,""2025\u4e00\u5b63\u62a5""],[3,""2025\u4e2d\u62a5""],[4,""2025\u4e09\u5b63\u62a5""],[5,""2025\u5e74\u62a5""],[6,""2026\u4e00\u5b63\u62a5""],[7,""2026\u4e2d\u62a5""]],""\u5143""] 每股资本公积金单位：元 同行业排名第7位 查看明细>> 分类： 中盘股 市盈率(静态)： 66.98 营业总收入： 2.32亿元 同比增长27.11% [[[0,""2.54""],[1,""3.53""],[2,""0.74""],[3,""1.82""],[4,""2.91""],[5,""3.94""],[6,""1.00""],[7,""2.32""]],[[0,""2024\u4e09\u5b63\u62a5""],[1,""2024\u5e74\u62a5""],[2,""2025\u4e00\u5b63\u62a5""],[3,""2025\u4e2d\u62a5""],[4,""2025\u4e09\u5b63\u62a5""],[5,""2025\u5e74\u62a5""],[6,""2026\u4e00\u5b63\u62a5""],[7,""2026\u4e2d\u62a5""]],""\u4ebf\u5143""] 营业总收入单位：亿元 同行业排名第14位 查看明细>> 每股未分配利润：2.77元 [[[0,""2.36""],[1,""2.51""],[2,""2.71""],[3,""2.14""],[4,""2.34""],[5,""2.56""],[6,""2.39""],[7,""2.77""]],[[0,""2024\u4e09\u5b63\u62a5""],[1,""2024\u5e74\u62a5""],[2,""2025\u4e00\u5b63\u62a5""],[3,""2025\u4e2d\u62a5""],[4,""2025\u4e09\u5b63\u62a5""],[5,""2025\u5e74\u62a5""],[6,""2026\u4e00\u5b63\u62a5""],[7,""2026\u4e2d\u62a5""]],""\u5143""] 每股未分配利润单位：元 同行业排名第8位 查看明细>> 总股本： 1.18亿股 市净率： 3.10 净利润： 0.76亿元 同比增长50.43% [[[0,""0.83""],[1,""1.12""],[2,""0.24""],[3,""0.50""],[4,""0.74""],[5,""1.06""],[6,""0.30""],[7,""0.76""]],[[0,""2024\u4e09\u5b63\u62a5""],[1,""2024\u5e74\u62a5""],[2,""2025\u4e00\u5b63\u62a5""],[3,""2025\u4e2d\u62a5""],[4,""2025\u4e09\u5b63\u62a5""],[5,""2025\u5e74\u62a5""],[6,""2026\u4e00\u5b63\u62a5""],[7,""2026\u4e2d\u62a5""]],""\u4ebf\u5143""] 净利润单位：亿元 同行业排名第7位 查看明细>> 每股经营现金流：0.27元 [[[0,""0.43""],[1,""0.72""],[2,""-0.05""],[3,""0.23""],[4,""0.39""],[5,""0.53""],[6,""-0.03""],[7,""0.27""]],[[0,""2024\u4e09\u5b63\u62a5""],[1,""2024\u5e74\u62a5""],[2,""2025\u4e00\u5b63\u62a5""],[3,""2025\u4e2d\u62a5""],[4,""2025\u4e09\u5b63\u62a5""],[5,""2025\u5e74\u62a5""],[6,""2026\u4e00\u5b63\u62a5""],[7,""2026\u4e2d\u62a5""]],""\u5143""] 每股经营现金流单位：元 同行业排名第8位 查看明细>> 总市值：71亿 每股净资产：19.52元 [[[0,""19.05""],[1,""19.25""],[2,""19.46""],[3,""18.90""],[4,""19.11""],[5,""19.31""],[6,""19.13""],[7,""19.52""]],[[0,""2024\u4e09\u5b63\u62a5""],[1,""2024\u5e74\u62a5""],[2,""2025\u4e00\u5b63\u62a5""],[3,""2025\u4e2d\u62a5""],[4,""2025\u4e09\u5b63\u62a5""],[5,""2025\u5e74\u62a5""],[6,""2026\u4e00\u5b63\u62a5""],[7,""2026\u4e2d\u62a5""]],""\u5143""] 每股净资产单位：元 同行业排名第4位 查看明细>> 毛利率：33.46% [[[0,""35.61""],[1,""34.43""],[2,""33.87""],[3,""33.24""],[4,""32.80""],[5,""32.84""],[6,""34.33""],[7,""33.46""]],[[0,""2024\u4e09\u5b63\u62a5""],[1,""2024\u5e74\u62a5""],[2,""2025\u4e00\u5b63\u62a5""],[3,""2025\u4e2d\u62a5""],[4,""2025\u4e09\u5b63\u62a5""],[5,""2025\u5e74\u62a5""],[6,""2026\u4e00\u5b63\u62a5""],[7,""2026\u4e2d\u62a5""]],""""] 毛利率单位：% 同行业排名第6位 查看明细>> 净资产收益率：3.31% [[[0,""3.69""],[1,""4.97""],[2,""1.06""],[3,""2.21""],[4,""3.26""],[5,""4.69""],[6,""1.31""],[7,""3.31""]],[[0,""2024\u4e09\u5b63\u62a5""],[1,""2024\u5e74\u62a5""],[2,""2025\u4e00\u5b63\u62a5""],[3,""2025\u4e2d\u62a5""],[4,""2025\u4e09\u5b63\u62a5""],[5,""2025\u5e74\u62a5""],[6,""2026\u4e00\u5b63\u62a5""],[7,""2026\u4e2d\u62a5""]],""""] 净资产收益率单位：% 同行业排名第8位 查看明细>> 流通A股：1.18亿股 以上为中报 您对此栏目的评价： 有用 0 没用 0 提建议 公司名称： 公司简称： 上市场所： 所属行业： 所属地域：",主营功率半导体，国内少数具备ESD(静电放电)保护器件研发设计能力的企业,,,,,,34.71%,,24.47%,,2.51%,34.33%,29.95%,,一季报,71.0,2.32,半导体,34.33,29.95,34.71,24.47,2.51,,,0,0,63.853069420868174,79.59,70.598,97.49,56.0,50.0,55.0,48.0,56.0,60.0,80.0,42.0,65.2,B级（重点跟进）
301510,固高科技,深交所,运动控制核心部件、运动控制系统级解决方案、运动控制整机、人才培养与输出。,"自动化设备 概念行情贴合度： 工业母机， 传感器， 机器视觉， 3D打印， 创投， 高端装备， 工业互联网， 机器人概念， 融资融券， 深股通， 污水处理， 物联网， 先进封装， 芯片概念， 新型工业化， 粤港澳大湾区， 职业教育， 智能物流， 专精特新 详情>> 对比>> 可比公司() 全部 收起 家未上市公司 全部 收起 市盈率(动态)： 70.464 每股收益：0.21元 [[[0,""0.07""],[1,""0.13""],[2,""0.02""],[3,""0.08""],[4,""0.11""],[5,""0.16""],[6,""0.06""],[7,""0.21""]],[[0,""2024\u4e09\u5b63\u62a5""],[1,""2024\u5e74\u62a5""],[2,""2025\u4e00\u5b63\u62a5""],[3,""2025\u4e2d\u62a5""],[4,""2025\u4e09\u5b63\u62a5""],[5,""2025\u5e74\u62a5""],[6,""2026\u4e00\u5b63\u62a5""],[7,""2026\u4e2d\u62a5""]],""\u5143""] 每股收益单位：元 同行业排名第16位 查看明细>> 每股资本公积金：2.16元 [[[0,""2.11""],[1,""2.10""],[2,""2.11""],[3,""2.11""],[4,""2.12""],[5,""2.13""],[6,""2.13""],[7,""2.16""]],[[0,""2024\u4e09\u5b63\u62a5""],[1,""2024\u5e74\u62a5""],[2,""2025\u4e00\u5b63\u62a5""],[3,""2025\u4e2d\u62a5""],[4,""2025\u4e09\u5b63\u62a5""],[5,""2025\u5e74\u62a5""],[6,""2026\u4e00\u5b63\u62a5""],[7,""2026\u4e2d\u62a5""]],""\u5143""] 每股资本公积金单位：元 同行业排名第22位 查看明细>> 分类： 中盘股 市盈率(静态)： 187.45 营业总收入： 3.91亿元 同比增长59.77% [[[0,""2.96""],[1,""4.18""],[2,""1.04""],[3,""2.45""],[4,""3.73""],[5,""5.50""],[6,""1.56""],[7,""3.91""]],[[0,""2024\u4e09\u5b63\u62a5""],[1,""2024\u5e74\u62a5""],[2,""2025\u4e00\u5b63\u62a5""],[3,""2025\u4e2d\u62a5""],[4,""2025\u4e09\u5b63\u62a5""],[5,""2025\u5e74\u62a5""],[6,""2026\u4e00\u5b63\u62a5""],[7,""2026\u4e2d\u62a5""]],""\u4ebf\u5143""] 营业总收入单位：亿元 同行业排名第27位 查看明细>> 每股未分配利润：0.40元 [[[0,""0.11""],[1,""0.16""],[2,""0.18""],[3,""0.19""],[4,""0.22""],[5,""0.26""],[6,""0.31""],[7,""0.40""]],[[0,""2024\u4e09\u5b63\u62a5""],[1,""2024\u5e74\u62a5""],[2,""2025\u4e00\u5b63\u62a5""],[3,""2025\u4e2d\u62a5""],[4,""2025\u4e09\u5b63\u62a5""],[5,""2025\u5e74\u62a5""],[6,""2026\u4e00\u5b63\u62a5""],[7,""2026\u4e2d\u62a5""]],""\u5143""] 每股未分配利润单位：元 同行业排名第27位 查看明细>> 总股本： 4.04亿股 市净率： 7.76 净利润： 0.84亿元 同比增长170.98% [[[0,""0.29""],[1,""0.50""],[2,""0.08""],[3,""0.31""],[4,""0.45""],[5,""0.63""],[6,""0.22""],[7,""0.84""]],[[0,""2024\u4e09\u5b63\u62a5""],[1,""2024\u5e74\u62a5""],[2,""2025\u4e00\u5b63\u62a5""],[3,""2025\u4e2d\u62a5""],[4,""2025\u4e09\u5b63\u62a5""],[5,""2025\u5e74\u62a5""],[6,""2026\u4e00\u5b63\u62a5""],[7,""2026\u4e2d\u62a5""]],""\u4ebf\u5143""] 净利润单位：亿元 同行业排名第12位 查看明细>> 每股经营现金流：-0.0021元 [[[0,""-0.0048""],[1,""0.06""],[2,""0.02""],[3,""0.0084""],[4,""0.03""],[5,""0.08""],[6,""0.04""],[7,""-0.0021""]],[[0,""2024\u4e09\u5b63\u62a5""],[1,""2024\u5e74\u62a5""],[2,""2025\u4e00\u5b63\u62a5""],[3,""2025\u4e2d\u62a5""],[4,""2025\u4e09\u5b63\u62a5""],[5,""2025\u5e74\u62a5""],[6,""2026\u4e00\u5b63\u62a5""],[7,""2026\u4e2d\u62a5""]],""\u5143""] 每股经营现金流单位：元 同行业排名第14位 查看明细>> 总市值：117亿 每股净资产：3.76元 [[[0,""3.39""],[1,""3.44""],[2,""3.46""],[3,""3.48""],[4,""3.52""],[5,""3.58""],[6,""3.63""],[7,""3.76""]],[[0,""2024\u4e09\u5b63\u62a5""],[1,""2024\u5e74\u62a5""],[2,""2025\u4e00\u5b63\u62a5""],[3,""2025\u4e2d\u62a5""],[4,""2025\u4e09\u5b63\u62a5""],[5,""2025\u5e74\u62a5""],[6,""2026\u4e00\u5b63\u62a5""],[7,""2026\u4e2d\u62a5""]],""\u5143""] 每股净资产单位：元 同行业排名第23位 查看明细>> 毛利率：50.66% [[[0,""48.20""],[1,""47.51""],[2,""48.56""],[3,""49.12""],[4,""48.37""],[5,""48.69""],[6,""47.22""],[7,""50.66""]],[[0,""2024\u4e09\u5b63\u62a5""],[1,""2024\u5e74\u62a5""],[2,""2025\u4e00\u5b63\u62a5""],[3,""2025\u4e2d\u62a5""],[4,""2025\u4e09\u5b63\u62a5""],[5,""2025\u5e74\u62a5""],[6,""2026\u4e00\u5b63\u62a5""],[7,""2026\u4e2d\u62a5""]],""""] 毛利率单位：% 同行业排名第2位 查看明细>> 净资产收益率：5.67% [[[0,""2.25""],[1,""3.82""],[2,""0.57""],[3,""2.22""],[4,""3.18""],[5,""4.49""],[6,""1.53""],[7,""5.67""]],[[0,""2024\u4e09\u5b63\u62a5""],[1,""2024\u5e74\u62a5""],[2,""2025\u4e00\u5b63\u62a5""],[3,""2025\u4e2d\u62a5""],[4,""2025\u4e09\u5b63\u62a5""],[5,""2025\u5e74\u62a5""],[6,""2026\u4e00\u5b63\u62a5""],[7,""2026\u4e2d\u62a5""]],""""] 净资产收益率单位：% 同行业排名第6位 查看明细>> 流通A股：3.80亿股 以上为中报 您对此栏目的评价： 有用 0 没用 0 提建议 公司名称： 公司简称： 上市场所： 所属行业： 所属地域：",运动控制技术和产品达到国际先进水平，下游已覆盖工业、物流类机器人,,,,,,50.12%,,183.06%,,15.20%,47.22%,13.88%,,一季报,117.0,3.91,自动化设备,47.22,13.88,50.12,183.06,15.2,,,0,0,68.18582817337976,100.0,64.712,84.8,40.0,50.0,55.0,48.0,38.0,60.0,64.0,42.0,65.11,B级（重点跟进）
300738,奥飞数据,深交所,提供互联网云计算与大数据基础服务综合解决方案。,"通信服务 概念行情贴合度： 云计算， 算力租赁， 网络安全， DeepSeek概念， 阿里巴巴概念， 百度概念， 创投， 东数西算(算力)， 光伏概念， 华为概念， 快手概念， 绿色电力， 人工智能， 融资融券， 深股通， 数据要素， 数据中心(AIDC)， 腾讯概念， 芯片概念， 一带一路， 粤港澳大湾区， 智谱AI 详情>> 对比>> 可比公司() 全部 收起 家未上市公司 全部 收起 市盈率(动态)： 51.097 每股收益：0.20元 [[[0,""0.11""],[1,""0.13""],[2,""0.05""],[3,""0.09""],[4,""0.15""],[5,""0.14""],[6,""0.09""],[7,""0.20""]],[[0,""2024\u4e09\u5b63\u62a5""],[1,""2024\u5e74\u62a5""],[2,""2025\u4e00\u5b63\u62a5""],[3,""2025\u4e2d\u62a5""],[4,""2025\u4e09\u5b63\u62a5""],[5,""2025\u5e74\u62a5""],[6,""2026\u4e00\u5b63\u62a5""],[7,""2026\u4e2d\u62a5""]],""\u5143""] 每股收益单位：元 同行业排名第7位 查看明细>> 每股资本公积金：1.45元 [[[0,""1.27""],[1,""1.39""],[2,""1.46""],[3,""1.46""],[4,""1.47""],[5,""1.72""],[6,""1.72""],[7,""1.45""]],[[0,""2024\u4e09\u5b63\u62a5""],[1,""2024\u5e74\u62a5""],[2,""2025\u4e00\u5b63\u62a5""],[3,""2025\u4e2d\u62a5""],[4,""2025\u4e09\u5b63\u62a5""],[5,""2025\u5e74\u62a5""],[6,""2026\u4e00\u5b63\u62a5""],[7,""2026\u4e2d\u62a5""]],""\u5143""] 每股资本公积金单位：元 同行业排名第17位 查看明细>> 分类： 中盘股 市盈率(静态)： 151.79 营业总收入： 14.69亿元 同比增长27.95% [[[0,""15.81""],[1,""21.65""],[2,""5.36""],[3,""11.48""],[4,""18.24""],[5,""25.21""],[6,""7.03""],[7,""14.69""]],[[0,""2024\u4e09\u5b63\u62a5""],[1,""2024\u5e74\u62a5""],[2,""2025\u4e00\u5b63\u62a5""],[3,""2025\u4e2d\u62a5""],[4,""2025\u4e09\u5b63\u62a5""],[5,""2025\u5e74\u62a5""],[6,""2026\u4e00\u5b63\u62a5""],[7,""2026\u4e2d\u62a5""]],""\u4ebf\u5143""] 营业总收入单位：亿元 同行业排名第6位 查看明细>> 每股未分配利润：1.16元 [[[0,""0.85""],[1,""0.86""],[2,""0.90""],[3,""0.94""],[4,""0.98""],[5,""0.96""],[6,""1.06""],[7,""1.16""]],[[0,""2024\u4e09\u5b63\u62a5""],[1,""2024\u5e74\u62a5""],[2,""2025\u4e00\u5b63\u62a5""],[3,""2025\u4e2d\u62a5""],[4,""2025\u4e09\u5b63\u62a5""],[5,""2025\u5e74\u62a5""],[6,""2026\u4e00\u5b63\u62a5""],[7,""2026\u4e2d\u62a5""]],""\u5143""] 每股未分配利润单位：元 同行业排名第10位 查看明细>> 总股本： 9.85亿股 市净率： 5.48 净利润： 1.97亿元 同比增长123.64% [[[0,""1.06""],[1,""1.24""],[2,""0.52""],[3,""0.88""],[4,""1.45""],[5,""1.32""],[6,""0.93""],[7,""1.97""]],[[0,""2024\u4e09\u5b63\u62a5""],[1,""2024\u5e74\u62a5""],[2,""2025\u4e00\u5b63\u62a5""],[3,""2025\u4e2d\u62a5""],[4,""2025\u4e09\u5b63\u62a5""],[5,""2025\u5e74\u62a5""],[6,""2026\u4e00\u5b63\u62a5""],[7,""2026\u4e2d\u62a5""]],""\u4ebf\u5143""] 净利润单位：亿元 同行业排名第3位 查看明细>> 每股经营现金流：0.86元 [[[0,""0.49""],[1,""0.73""],[2,""0.20""],[3,""0.46""],[4,""0.63""],[5,""1.44""],[6,""0.41""],[7,""0.86""]],[[0,""2024\u4e09\u5b63\u62a5""],[1,""2024\u5e74\u62a5""],[2,""2025\u4e00\u5b63\u62a5""],[3,""2025\u4e2d\u62a5""],[4,""2025\u4e09\u5b63\u62a5""],[5,""2025\u5e74\u62a5""],[6,""2026\u4e00\u5b63\u62a5""],[7,""2026\u4e2d\u62a5""]],""\u5143""] 每股经营现金流单位：元 同行业排名第2位 查看明细>> 总市值：200亿 每股净资产：3.72元 [[[0,""3.22""],[1,""3.35""],[2,""3.47""],[3,""3.51""],[4,""3.57""],[5,""3.80""],[6,""3.90""],[7,""3.72""]],[[0,""2024\u4e09\u5b63\u62a5""],[1,""2024\u5e74\u62a5""],[2,""2025\u4e00\u5b63\u62a5""],[3,""2025\u4e2d\u62a5""],[4,""2025\u4e09\u5b63\u62a5""],[5,""2025\u5e74\u62a5""],[6,""2026\u4e00\u5b63\u62a5""],[7,""2026\u4e2d\u62a5""]],""\u5143""] 每股净资产单位：元 同行业排名第14位 查看明细>> 毛利率：34.42% [[[0,""25.55""],[1,""26.40""],[2,""31.58""],[3,""33.49""],[4,""34.99""],[5,""34.73""],[6,""34.51""],[7,""34.42""]],[[0,""2024\u4e09\u5b63\u62a5""],[1,""2024\u5e74\u62a5""],[2,""2025\u4e00\u5b63\u62a5""],[3,""2025\u4e2d\u62a5""],[4,""2025\u4e09\u5b63\u62a5""],[5,""2025\u5e74\u62a5""],[6,""2026\u4e00\u5b63\u62a5""],[7,""2026\u4e2d\u62a5""]],""""] 毛利率单位：% 同行业排名第8位 查看明细>> 净资产收益率：5.04% [[[0,""3.36""],[1,""3.92""],[2,""1.53""],[3,""2.56""],[4,""4.19""],[5,""3.70""],[6,""2.41""],[7,""5.04""]],[[0,""2024\u4e09\u5b63\u62a5""],[1,""2024\u5e74\u62a5""],[2,""2025\u4e00\u5b63\u62a5""],[3,""2025\u4e2d\u62a5""],[4,""2025\u4e09\u5b63\u62a5""],[5,""2025\u5e74\u62a5""],[6,""2026\u4e00\u5b63\u62a5""],[7,""2026\u4e2d\u62a5""]],""""] 净资产收益率单位：% 同行业排名第5位 查看明细>> 流通A股：9.85亿股 更新日期： 2026-08-28 总质押股份数量： 4922.00万股 重要股东质押数量（质押中） 股东名称 质押数量 占所持股份比 占总股本比 广州市昊盟计算机科技有限公司 4922.00万股 19.59% 5.00% *仅展示上市公司公告披露的股东的质押情况 质押股份占A股总股本比： 5.00% [[""5.2200"",""5.2200"",""5.2200"",""5.2200"",""5.2200"",""5.2200"",""5.2200"",""5.2200"",""5.2200"",""5.2200"",""5.0000"",""5.0000""],[""2026-06-12"",""2026-06-18"",""2026-06-26"",""2026-07-03"",""2026-07-10"",""2026-07-17"",""2026-07-24"",""2026-07-31"",""2026-08-07"",""2026-08-14"",""2026-08-21"",""2026-08-28""]] 质押股份占A股总股本比单位：% *数据来源：中登公司及上市公司最新公布的质押公告 以上为中报 您对此栏目的评价： 有用 0 没用 0 提建议 公司名称： 公司简称： 上市场所： 所属行业： 所属地域：",华南地区较有影响力的专业IDC服务商，可提供IDC及智算服务,,,,,,31.15%,,79.19%,,74.74%,34.51%,13.68%,,一季报,200.0,14.69,通信服务,34.51,13.68,31.15,79.19,74.74,,,1,0,76.42096638855406,90.575,56.885999999999996,25.260000000000005,40.0,50.0,55.0,100.0,64.0,60.0,64.0,49.0,65.03,B级（重点跟进）
688018,乐鑫科技,上交所,为全球企业与开发者提供一站式AIoT产品与服务。,"半导体 概念行情贴合度： 中国AI 50， WiFi 6， MCU芯片， AI智能体， 抖音概念(字节概念)， 沪股通， 机器人概念， 人工智能， 融资融券， 上海自贸区， 数字经济， 物联网， 小米概念， 芯片概念， 星闪概念， 语音技术， 智能家居 详情>> 对比>> 可比公司() 全部 收起 家未上市公司 全部 收起 市盈率(动态)： 44.072 每股收益：1.43元 [[[0,""0.60""],[1,""1.20""],[2,""2.43""],[3,""2.25""],[4,""3.15""],[5,""0.82""],[6,""0.58""],[7,""1.43""]],[[0,""\u5206\u7ea2\u8f6c\u589e""],[1,""2025\u4e2d\u62a5""],[2,""2025\u4e09\u5b63\u62a5""],[3,""\u589e\u53d1""],[4,""2025\u5e74\u62a5""],[5,""2026\u4e00\u5b63\u62a5""],[6,""\u5206\u7ea2\u8f6c\u589e""],[7,""2026\u4e2d\u62a5""]],""\u5143""] 每股收益单位：元 同行业排名第19位 查看明细>> 每股资本公积金：12.51元 [[[0,""8.66""],[1,""8.08""],[2,""19.35""],[3,""18.15""],[4,""18.19""],[5,""18.23""],[6,""13.00""],[7,""12.51""]],[[0,""\u5206\u7ea2\u8f6c\u589e""],[1,""2025\u4e2d\u62a5""],[2,""2025\u4e09\u5b63\u62a5""],[3,""\u589e\u53d1""],[4,""2025\u5e74\u62a5""],[5,""2026\u4e00\u5b63\u62a5""],[6,""\u5206\u7ea2\u8f6c\u589e""],[7,""2026\u4e2d\u62a5""]],""\u5143""] 每股资本公积金单位：元 同行业排名第14位 查看明细>> 分类： 大盘股 市盈率(静态)： 59.17 营业总收入： 14.81亿元 同比增长18.88% [[[0,""5.58""],[1,""12.46""],[2,""19.12""],[3,""19.12""],[4,""25.65""],[5,""6.48""],[6,""6.48""],[7,""14.81""]],[[0,""\u5206\u7ea2\u8f6c\u589e""],[1,""2025\u4e2d\u62a5""],[2,""2025\u4e09\u5b63\u62a5""],[3,""\u589e\u53d1""],[4,""2025\u5e74\u62a5""],[5,""2026\u4e00\u5b63\u62a5""],[6,""\u5206\u7ea2\u8f6c\u589e""],[7,""2026\u4e2d\u62a5""]],""\u4ebf\u5143""] 营业总收入单位：亿元 同行业排名第24位 查看明细>> 每股未分配利润：6.09元 [[[0,""5.66""],[1,""6.30""],[2,""7.04""],[3,""6.60""],[4,""7.04""],[5,""7.86""],[6,""5.60""],[7,""6.09""]],[[0,""\u5206\u7ea2\u8f6c\u589e""],[1,""2025\u4e2d\u62a5""],[2,""2025\u4e09\u5b63\u62a5""],[3,""\u589e\u53d1""],[4,""2025\u5e74\u62a5""],[5,""2026\u4e00\u5b63\u62a5""],[6,""\u5206\u7ea2\u8f6c\u589e""],[7,""2026\u4e2d\u62a5""]],""\u5143""] 每股未分配利润单位：元 同行业排名第16位 查看明细>> 总股本： 2.34亿股 市净率： 6.26 净利润： 3.34亿元 同比增长27.93% [[[0,""0.94""],[1,""2.61""],[2,""3.77""],[3,""3.77""],[4,""4.98""],[5,""1.36""],[6,""1.36""],[7,""3.34""]],[[0,""\u5206\u7ea2\u8f6c\u589e""],[1,""2025\u4e2d\u62a5""],[2,""2025\u4e09\u5b63\u62a5""],[3,""\u589e\u53d1""],[4,""2025\u5e74\u62a5""],[5,""2026\u4e00\u5b63\u62a5""],[6,""\u5206\u7ea2\u8f6c\u589e""],[7,""2026\u4e2d\u62a5""]],""\u4ebf\u5143""] 净利润单位：亿元 同行业排名第26位 查看明细>> 每股经营现金流：0.31元 [[[0,""0.48""],[1,""0.73""],[2,""1.98""],[3,""1.86""],[4,""3.13""],[5,""0.02""],[6,""0.01""],[7,""0.31""]],[[0,""\u5206\u7ea2\u8f6c\u589e""],[1,""2025\u4e2d\u62a5""],[2,""2025\u4e09\u5b63\u62a5""],[3,""\u589e\u53d1""],[4,""2025\u5e74\u62a5""],[5,""2026\u4e00\u5b63\u62a5""],[6,""\u5206\u7ea2\u8f6c\u589e""],[7,""2026\u4e2d\u62a5""]],""\u5143""] 每股经营现金流单位：元 同行业排名第27位 查看明细>> 总市值：294亿 每股净资产：20.08元 [[[0,""14.35""],[1,""15.51""],[2,""27.55""],[3,""25.11""],[4,""26.67""],[5,""26.90""],[6,""19.18""],[7,""20.08""]],[[0,""\u5206\u7ea2\u8f6c\u589e""],[1,""2025\u4e2d\u62a5""],[2,""2025\u4e09\u5b63\u62a5""],[3,""\u589e\u53d1""],[4,""2025\u5e74\u62a5""],[5,""2026\u4e00\u5b63\u62a5""],[6,""\u5206\u7ea2\u8f6c\u589e""],[7,""2026\u4e2d\u62a5""]],""\u5143""] 每股净资产单位：元 同行业排名第15位 查看明细>> 毛利率：49.32% [[[0,""43.37""],[1,""45.20""],[2,""46.17""],[3,""46.17""],[4,""46.63""],[5,""48.51""],[6,""48.51""],[7,""49.32""]],[[0,""\u5206\u7ea2\u8f6c\u589e""],[1,""2025\u4e2d\u62a5""],[2,""2025\u4e09\u5b63\u62a5""],[3,""\u589e\u53d1""],[4,""2025\u5e74\u62a5""],[5,""2026\u4e00\u5b63\u62a5""],[6,""\u5206\u7ea2\u8f6c\u589e""],[7,""2026\u4e2d\u62a5""]],""""] 毛利率单位：% 同行业排名第22位 查看明细>> 净资产收益率：7.26% [[[0,""4.26""],[1,""11.30""],[2,""15.93""],[3,""15.93""],[4,""17.33""],[5,""3.01""],[6,""3.01""],[7,""7.26""]],[[0,""\u5206\u7ea2\u8f6c\u589e""],[1,""2025\u4e2d\u62a5""],[2,""2025\u4e09\u5b63\u62a5""],[3,""\u589e\u53d1""],[4,""2025\u5e74\u62a5""],[5,""2026\u4e00\u5b63\u62a5""],[6,""\u5206\u7ea2\u8f6c\u589e""],[7,""2026\u4e2d\u62a5""]],""""] 净资产收益率单位：% 同行业排名第24位 查看明细>> 流通A股：2.34亿股 以上为中报 您对此栏目的评价： 有用 0 没用 0 提建议 公司名称： 公司简称： 上市场所： 所属行业： 所属地域：",全球领先的AIoT解决方案提供商，物联网Wi-Fi MCU通信芯片市占率全球第一，在Wi-Fi市场位居全球前五,,,,,,16.16%,,44.76%,,10.20%,48.51%,21.00%,,一季报,294.0,14.81,半导体,48.51,21.0,16.16,44.76,10.2,,,0,0,78.29223420474375,80.46,72.606,89.8,48.0,50.0,55.0,48.0,56.0,60.0,64.0,42.0,65.02,B级（重点跟进）
688258,卓易信息,上交所,为CPU和计算设备厂商提供服务器、PC、笔记本电脑等计算设备核心固件的开发及固件产品销售，以及为政企客户提供端到端的云产品及云服务。,"IT服务Ⅱ 概念行情贴合度： 华为海思概念股， 芯片概念， 华为欧拉， AI应用， AI智能体， 沪股通， 华为概念， 华为鲲鹏， 人工智能， 融资融券， 物联网， 信创， 云计算 详情>> 对比>> 可比公司() 全部 收起 家未上市公司 全部 收起 市盈率(动态)： 57.241 每股收益：0.88元 [[[0,""0.17""],[1,""0.27""],[2,""0.16""],[3,""0.22""],[4,""0.37""],[5,""0.66""],[6,""0.49""],[7,""0.88""]],[[0,""2024\u4e09\u5b63\u62a5""],[1,""2024\u5e74\u62a5""],[2,""2025\u4e00\u5b63\u62a5""],[3,""2025\u4e2d\u62a5""],[4,""2025\u4e09\u5b63\u62a5""],[5,""2025\u5e74\u62a5""],[6,""2026\u4e00\u5b63\u62a5""],[7,""2026\u4e2d\u62a5""]],""\u5143""] 每股收益单位：元 同行业排名第2位 查看明细>> 每股资本公积金：3.41元 [[[0,""4.74""],[1,""3.59""],[2,""3.41""],[3,""3.43""],[4,""3.41""],[5,""3.41""],[6,""3.41""],[7,""3.41""]],[[0,""2024\u4e09\u5b63\u62a5""],[1,""2024\u5e74\u62a5""],[2,""2025\u4e00\u5b63\u62a5""],[3,""2025\u4e2d\u62a5""],[4,""2025\u4e09\u5b63\u62a5""],[5,""2025\u5e74\u62a5""],[6,""2026\u4e00\u5b63\u62a5""],[7,""2026\u4e2d\u62a5""]],""\u5143""] 每股资本公积金单位：元 同行业排名第42位 查看明细>> 分类： 中盘股 市盈率(静态)： 152.53 营业总收入： 1.78亿元 同比增长2% [[[0,""2.43""],[1,""3.23""],[2,""0.85""],[3,""1.74""],[4,""2.63""],[5,""3.35""],[6,""0.88""],[7,""1.78""]],[[0,""2024\u4e09\u5b63\u62a5""],[1,""2024\u5e74\u62a5""],[2,""2025\u4e00\u5b63\u62a5""],[3,""2025\u4e2d\u62a5""],[4,""2025\u4e09\u5b63\u62a5""],[5,""2025\u5e74\u62a5""],[6,""2026\u4e00\u5b63\u62a5""],[7,""2026\u4e2d\u62a5""]],""\u4ebf\u5143""] 营业总收入单位：亿元 同行业排名第93位 查看明细>> 每股未分配利润：4.11元 [[[0,""2.87""],[1,""2.93""],[2,""3.09""],[3,""3.06""],[4,""3.20""],[5,""3.33""],[6,""3.82""],[7,""4.11""]],[[0,""2024\u4e09\u5b63\u62a5""],[1,""2024\u5e74\u62a5""],[2,""2025\u4e00\u5b63\u62a5""],[3,""2025\u4e2d\u62a5""],[4,""2025\u4e09\u5b63\u62a5""],[5,""2025\u5e74\u62a5""],[6,""2026\u4e00\u5b63\u62a5""],[7,""2026\u4e2d\u62a5""]],""\u5143""] 每股未分配利润单位：元 同行业排名第12位 查看明细>> 总股本： 1.21亿股 市净率： 12.26 净利润： 1.06亿元 同比增长291.66% [[[0,""0.20""],[1,""0.33""],[2,""0.19""],[3,""0.27""],[4,""0.45""],[5,""0.80""],[6,""0.59""],[7,""1.06""]],[[0,""2024\u4e09\u5b63\u62a5""],[1,""2024\u5e74\u62a5""],[2,""2025\u4e00\u5b63\u62a5""],[3,""2025\u4e2d\u62a5""],[4,""2025\u4e09\u5b63\u62a5""],[5,""2025\u5e74\u62a5""],[6,""2026\u4e00\u5b63\u62a5""],[7,""2026\u4e2d\u62a5""]],""\u4ebf\u5143""] 净利润单位：亿元 同行业排名第14位 查看明细>> 每股经营现金流：0.21元 [[[0,""0.26""],[1,""0.79""],[2,""0.15""],[3,""0.30""],[4,""0.48""],[5,""0.99""],[6,""0.36""],[7,""0.21""]],[[0,""2024\u4e09\u5b63\u62a5""],[1,""2024\u5e74\u62a5""],[2,""2025\u4e00\u5b63\u62a5""],[3,""2025\u4e2d\u62a5""],[4,""2025\u4e09\u5b63\u62a5""],[5,""2025\u5e74\u62a5""],[6,""2026\u4e00\u5b63\u62a5""],[7,""2026\u4e2d\u62a5""]],""\u5143""] 每股经营现金流单位：元 同行业排名第11位 查看明细>> 总市值：121亿 每股净资产：8.19元 [[[0,""8.36""],[1,""6.98""],[2,""7.11""],[3,""7.10""],[4,""7.22""],[5,""7.42""],[6,""7.91""],[7,""8.19""]],[[0,""2024\u4e09\u5b63\u62a5""],[1,""2024\u5e74\u62a5""],[2,""2025\u4e00\u5b63\u62a5""],[3,""2025\u4e2d\u62a5""],[4,""2025\u4e09\u5b63\u62a5""],[5,""2025\u5e74\u62a5""],[6,""2026\u4e00\u5b63\u62a5""],[7,""2026\u4e2d\u62a5""]],""\u5143""] 每股净资产单位：元 同行业排名第19位 查看明细>> 毛利率：58.33% [[[0,""47.12""],[1,""52.20""],[2,""61.53""],[3,""54.95""],[4,""56.02""],[5,""55.91""],[6,""57.18""],[7,""58.33""]],[[0,""2024\u4e09\u5b63\u62a5""],[1,""2024\u5e74\u62a5""],[2,""2025\u4e00\u5b63\u62a5""],[3,""2025\u4e2d\u62a5""],[4,""2025\u4e09\u5b63\u62a5""],[5,""2025\u5e74\u62a5""],[6,""2026\u4e00\u5b63\u62a5""],[7,""2026\u4e2d\u62a5""]],""""] 毛利率单位：% 同行业排名第5位 查看明细>> 净资产收益率：11.19% [[[0,""1.96""],[1,""3.25""],[2,""2.21""],[3,""3.17""],[4,""5.18""],[5,""9.19""],[6,""6.41""],[7,""11.19""]],[[0,""2024\u4e09\u5b63\u62a5""],[1,""2024\u5e74\u62a5""],[2,""2025\u4e00\u5b63\u62a5""],[3,""2025\u4e2d\u62a5""],[4,""2025\u4e09\u5b63\u62a5""],[5,""2025\u5e74\u62a5""],[6,""2026\u4e00\u5b63\u62a5""],[7,""2026\u4e2d\u62a5""]],""""] 净资产收益率单位：% 同行业排名第5位 查看明细>> 流通A股：1.21亿股 以上为中报 您对此栏目的评价： 有用 0 没用 0 提建议 公司名称： 公司简称： 上市场所： 所属行业： 所属地域：",全球唯一同时具备Intel授权X86固件及国产主流芯片全适配能力的独立固件供应商,,,,,,2.70%,,216.35%,,35.35%,57.18%,67.95%,,一季报,121.0,1.78,T服务,57.18,67.95,2.7,216.35,35.35,,,0,0,65.46993693686096,76.35,84.30799999999999,64.65,48.0,50.0,55.0,48.0,38.0,60.0,64.0,66.0,64.81,B级（重点跟进）
688183,生益电子,上交所,各类印制电路板的研发、生产与销售。,"元件 概念行情贴合度： 共封装光学(CPO)， PCB概念， 5G， 2026中报预增， 工业互联网， 毫米波雷达， 沪股通， 华为概念， 汽车电子， 融资融券 详情>> 财务分析： 二线蓝筹 对比>> 可比公司() 全部 收起 家未上市公司 全部 收起 市盈率(动态)： 48.595 每股收益：1.35元 [[[0,""0.23""],[1,""0.40""],[2,""0.25""],[3,""0.65""],[4,""1.36""],[5,""1.80""],[6,""0.54""],[7,""1.35""]],[[0,""2024\u4e09\u5b63\u62a5""],[1,""2024\u5e74\u62a5""],[2,""2025\u4e00\u5b63\u62a5""],[3,""2025\u4e2d\u62a5""],[4,""2025\u4e09\u5b63\u62a5""],[5,""2025\u5e74\u62a5""],[6,""2026\u4e00\u5b63\u62a5""],[7,""2026\u4e2d\u62a5""]],""\u5143""] 每股收益单位：元 同行业排名第9位 查看明细>> 每股资本公积金：3.45元 [[[0,""2.80""],[1,""2.90""],[2,""2.96""],[3,""3.02""],[4,""3.07""],[5,""3.35""],[6,""3.36""],[7,""3.45""]],[[0,""2024\u4e09\u5b63\u62a5""],[1,""2024\u5e74\u62a5""],[2,""2025\u4e00\u5b63\u62a5""],[3,""2025\u4e2d\u62a5""],[4,""2025\u4e09\u5b63\u62a5""],[5,""2025\u5e74\u62a5""],[6,""2026\u4e00\u5b63\u62a5""],[7,""2026\u4e2d\u62a5""]],""\u5143""] 每股资本公积金单位：元 同行业排名第30位 查看明细>> 分类： 超大盘股 市盈率(静态)： 73.28 营业总收入： 57.84亿元 同比增长53.46% [[[0,""31.79""],[1,""46.87""],[2,""15.79""],[3,""37.69""],[4,""68.29""],[5,""94.94""],[6,""24.11""],[7,""57.84""]],[[0,""2024\u4e09\u5b63\u62a5""],[1,""2024\u5e74\u62a5""],[2,""2025\u4e00\u5b63\u62a5""],[3,""2025\u4e2d\u62a5""],[4,""2025\u4e09\u5b63\u62a5""],[5,""2025\u5e74\u62a5""],[6,""2026\u4e00\u5b63\u62a5""],[7,""2026\u4e2d\u62a5""]],""\u4ebf\u5143""] 营业总收入单位：亿元 同行业排名第9位 查看明细>> 每股未分配利润：2.94元 [[[0,""1.01""],[1,""1.15""],[2,""1.39""],[3,""1.54""],[4,""1.95""],[5,""2.22""],[6,""2.75""],[7,""2.94""]],[[0,""2024\u4e09\u5b63\u62a5""],[1,""2024\u5e74\u62a5""],[2,""2025\u4e00\u5b63\u62a5""],[3,""2025\u4e2d\u62a5""],[4,""2025\u4e09\u5b63\u62a5""],[5,""2025\u5e74\u62a5""],[6,""2026\u4e00\u5b63\u62a5""],[7,""2026\u4e2d\u62a5""]],""\u5143""] 每股未分配利润单位：元 同行业排名第23位 查看明细>> 总股本： 8.38亿股 市净率： 16.59 净利润： 11.11亿元 同比增长109.36% [[[0,""1.87""],[1,""3.32""],[2,""2.00""],[3,""5.31""],[4,""11.15""],[5,""14.73""],[6,""4.45""],[7,""11.11""]],[[0,""2024\u4e09\u5b63\u62a5""],[1,""2024\u5e74\u62a5""],[2,""2025\u4e00\u5b63\u62a5""],[3,""2025\u4e2d\u62a5""],[4,""2025\u4e09\u5b63\u62a5""],[5,""2025\u5e74\u62a5""],[6,""2026\u4e00\u5b63\u62a5""],[7,""2026\u4e2d\u62a5""]],""\u4ebf\u5143""] 净利润单位：亿元 同行业排名第7位 查看明细>> 每股经营现金流：1.10元 [[[0,""0.40""],[1,""0.42""],[2,""0.22""],[3,""0.52""],[4,""0.97""],[5,""1.95""],[6,""0.74""],[7,""1.10""]],[[0,""2024\u4e09\u5b63\u62a5""],[1,""2024\u5e74\u62a5""],[2,""2025\u4e00\u5b63\u62a5""],[3,""2025\u4e2d\u62a5""],[4,""2025\u4e09\u5b63\u62a5""],[5,""2025\u5e74\u62a5""],[6,""2026\u4e00\u5b63\u62a5""],[7,""2026\u4e2d\u62a5""]],""\u5143""] 每股经营现金流单位：元 同行业排名第9位 查看明细>> 总市值：1080亿 每股净资产：7.77元 [[[0,""4.87""],[1,""5.14""],[2,""5.44""],[3,""5.74""],[4,""6.20""],[5,""6.91""],[6,""7.37""],[7,""7.77""]],[[0,""2024\u4e09\u5b63\u62a5""],[1,""2024\u5e74\u62a5""],[2,""2025\u4e00\u5b63\u62a5""],[3,""2025\u4e2d\u62a5""],[4,""2025\u4e09\u5b63\u62a5""],[5,""2025\u5e74\u62a5""],[6,""2026\u4e00\u5b63\u62a5""],[7,""2026\u4e2d\u62a5""]],""\u5143""] 每股净资产单位：元 同行业排名第26位 查看明细>> 毛利率：34.31% [[[0,""21.68""],[1,""22.73""],[2,""29.84""],[3,""30.39""],[4,""31.98""],[5,""31.16""],[6,""35.21""],[7,""34.31""]],[[0,""2024\u4e09\u5b63\u62a5""],[1,""2024\u5e74\u62a5""],[2,""2025\u4e00\u5b63\u62a5""],[3,""2025\u4e2d\u62a5""],[4,""2025\u4e09\u5b63\u62a5""],[5,""2025\u5e74\u62a5""],[6,""2026\u4e00\u5b63\u62a5""],[7,""2026\u4e2d\u62a5""]],""""] 毛利率单位：% 同行业排名第4位 查看明细>> 净资产收益率：17.95% [[[0,""4.50""],[1,""8.24""],[2,""4.56""],[3,""11.65""],[4,""23.06""],[5,""29.74""],[6,""7.47""],[7,""17.95""]],[[0,""2024\u4e09\u5b63\u62a5""],[1,""2024\u5e74\u62a5""],[2,""2025\u4e00\u5b63\u62a5""],[3,""2025\u4e2d\u62a5""],[4,""2025\u4e09\u5b63\u62a5""],[5,""2025\u5e74\u62a5""],[6,""2026\u4e00\u5b63\u62a5""],[7,""2026\u4e2d\u62a5""]],""""] 净资产收益率单位：% 同行业排名第3位 查看明细>> 流通A股：8.38亿股 以上为中报 二线蓝筹条件[成分股] 问财百科： 蓝筹股(blue chip)是指稳定的现金股利政策对公司现金流管理有较高的要求，通常将那些经营业绩较好，具有稳定且较高的现金股利支付的公司股票，多指长期稳定增长的、大型的、传统工业股及金融股。 您对此栏目的评价： 有用 0 没用 0 提建议 公司名称： 公司简称： 上市场所： 所属行业： 所属地域：",全球PCB 40强第20位，产品以计算机/服务器、通讯网络、汽车电子等领域的印制线路板为主，在AI服务器和高端交换机等领域已实现突破,,,,,,52.62%,,122.16%,,47.52%,35.21%,18.45%,,一季报,1080.0,57.84,元件,35.21,18.45,52.62,122.16,47.52,,,0,0,88.45013357796378,100.0,62.07600000000001,52.48,48.0,50.0,55.0,48.0,38.0,60.0,54.0,42.0,64.78,B级（重点跟进）
301606,绿联科技,深交所,3C消费电子产品的研发、设计、生产及销售。,"消费电子 概念行情贴合度： 跨境电商， 华为概念， 人民币贬值受益， 储能， 苹果概念， 融资融券， 深股通， 无线充电， 无线耳机， 消费电子概念 详情>> 财务分析： 绩优股 对比>> 可比公司() 全部 收起 家未上市公司 全部 收起 市盈率(动态)： 24.881 每股收益：1.04元 [[[0,""0.84""],[1,""1.18""],[2,""0.36""],[3,""0.66""],[4,""1.13""],[5,""1.70""],[6,""0.57""],[7,""1.04""]],[[0,""2024\u4e09\u5b63\u62a5""],[1,""2024\u5e74\u62a5""],[2,""2025\u4e00\u5b63\u62a5""],[3,""2025\u4e2d\u62a5""],[4,""2025\u4e09\u5b63\u62a5""],[5,""2025\u5e74\u62a5""],[6,""2026\u4e00\u5b63\u62a5""],[7,""2026\u4e2d\u62a5""]],""\u5143""] 每股收益单位：元 同行业排名第4位 查看明细>> 每股资本公积金：2.66元 [[[0,""2.56""],[1,""2.58""],[2,""2.61""],[3,""2.63""],[4,""2.65""],[5,""2.65""],[6,""2.65""],[7,""2.66""]],[[0,""2024\u4e09\u5b63\u62a5""],[1,""2024\u5e74\u62a5""],[2,""2025\u4e00\u5b63\u62a5""],[3,""2025\u4e2d\u62a5""],[4,""2025\u4e09\u5b63\u62a5""],[5,""2025\u5e74\u62a5""],[6,""2026\u4e00\u5b63\u62a5""],[7,""2026\u4e2d\u62a5""]],""\u5143""] 每股资本公积金单位：元 同行业排名第8位 查看明细>> 分类： 中盘股 市盈率(静态)： 30.44 营业总收入： 58.21亿元 同比增长50.92% [[[0,""43.06""],[1,""61.70""],[2,""18.24""],[3,""38.57""],[4,""63.64""],[5,""94.91""],[6,""27.98""],[7,""58.21""]],[[0,""2024\u4e09\u5b63\u62a5""],[1,""2024\u5e74\u62a5""],[2,""2025\u4e00\u5b63\u62a5""],[3,""2025\u4e2d\u62a5""],[4,""2025\u4e09\u5b63\u62a5""],[5,""2025\u5e74\u62a5""],[6,""2026\u4e00\u5b63\u62a5""],[7,""2026\u4e2d\u62a5""]],""\u4ebf\u5143""] 营业总收入单位：亿元 同行业排名第4位 查看明细>> 每股未分配利润：4.44元 [[[0,""2.77""],[1,""3.05""],[2,""3.41""],[3,""3.11""],[4,""3.58""],[5,""4.00""],[6,""4.57""],[7,""4.44""]],[[0,""2024\u4e09\u5b63\u62a5""],[1,""2024\u5e74\u62a5""],[2,""2025\u4e00\u5b63\u62a5""],[3,""2025\u4e2d\u62a5""],[4,""2025\u4e09\u5b63\u62a5""],[5,""2025\u5e74\u62a5""],[6,""2026\u4e00\u5b63\u62a5""],[7,""2026\u4e2d\u62a5""]],""\u5143""] 每股未分配利润单位：元 同行业排名第5位 查看明细>> 总股本： 4.15亿股 市净率： 6.01 净利润： 4.31亿元 同比增长56.9% [[[0,""3.22""],[1,""4.62""],[2,""1.50""],[3,""2.75""],[4,""4.67""],[5,""7.05""],[6,""2.38""],[7,""4.31""]],[[0,""2024\u4e09\u5b63\u62a5""],[1,""2024\u5e74\u62a5""],[2,""2025\u4e00\u5b63\u62a5""],[3,""2025\u4e2d\u62a5""],[4,""2025\u4e09\u5b63\u62a5""],[5,""2025\u5e74\u62a5""],[6,""2026\u4e00\u5b63\u62a5""],[7,""2026\u4e2d\u62a5""]],""\u4ebf\u5143""] 净利润单位：亿元 同行业排名第4位 查看明细>> 每股经营现金流：-0.17元 [[[0,""1.09""],[1,""1.50""],[2,""-0.08""],[3,""0.02""],[4,""0.01""],[5,""-0.09""],[6,""-0.46""],[7,""-0.17""]],[[0,""2024\u4e09\u5b63\u62a5""],[1,""2024\u5e74\u62a5""],[2,""2025\u4e00\u5b63\u62a5""],[3,""2025\u4e2d\u62a5""],[4,""2025\u4e09\u5b63\u62a5""],[5,""2025\u5e74\u62a5""],[6,""2026\u4e00\u5b63\u62a5""],[7,""2026\u4e2d\u62a5""]],""\u5143""] 每股经营现金流单位：元 同行业排名第6位 查看明细>> 总市值：214亿 每股净资产：8.60元 [[[0,""6.62""],[1,""6.98""],[2,""7.37""],[3,""7.09""],[4,""7.57""],[5,""8.15""],[6,""8.72""],[7,""8.60""]],[[0,""2024\u4e09\u5b63\u62a5""],[1,""2024\u5e74\u62a5""],[2,""2025\u4e00\u5b63\u62a5""],[3,""2025\u4e2d\u62a5""],[4,""2025\u4e09\u5b63\u62a5""],[5,""2025\u5e74\u62a5""],[6,""2026\u4e00\u5b63\u62a5""],[7,""2026\u4e2d\u62a5""]],""\u5143""] 每股净资产单位：元 同行业排名第6位 查看明细>> 毛利率：39.18% [[[0,""37.73""],[1,""37.38""],[2,""38.01""],[3,""36.98""],[4,""37.05""],[5,""37.01""],[6,""39.26""],[7,""39.18""]],[[0,""2024\u4e09\u5b63\u62a5""],[1,""2024\u5e74\u62a5""],[2,""2025\u4e00\u5b63\u62a5""],[3,""2025\u4e2d\u62a5""],[4,""2025\u4e09\u5b63\u62a5""],[5,""2025\u5e74\u62a5""],[6,""2026\u4e00\u5b63\u62a5""],[7,""2026\u4e2d\u62a5""]],""""] 毛利率单位：% 同行业排名第5位 查看明细>> 净资产收益率：12.12% [[[0,""15.37""],[1,""20.20""],[2,""5.05""],[3,""9.15""],[4,""15.39""],[5,""22.60""],[6,""6.79""],[7,""12.12""]],[[0,""2024\u4e09\u5b63\u62a5""],[1,""2024\u5e74\u62a5""],[2,""2025\u4e00\u5b63\u62a5""],[3,""2025\u4e2d\u62a5""],[4,""2025\u4e09\u5b63\u62a5""],[5,""2025\u5e74\u62a5""],[6,""2026\u4e00\u5b63\u62a5""],[7,""2026\u4e2d\u62a5""]],""""] 净资产收益率单位：% 同行业排名第2位 查看明细>> 流通A股：1.65亿股 最新解禁： 2027-07-26 解禁股份类型： 首发原股东限售股份 解禁数量： 1.96亿股 公告解禁数量为上市公司公告符合解禁条件的股份数量。实际可售为公告解禁数量除去股权质押、高管禁售等部分，实际可以在市场出售的股份数量。 解禁时间 公告解禁 实际可售 解禁股成本 2025-07-28 1.86亿 1.86亿 -- 2025-01-27 199.36万 199.36万 -- 2024-07-26 3120.83万 3120.83万 -- 历史解禁详情表 占总股本比例： 47.20% 以上为中报 绩优股条件[成分股] 指标名称 指标数据 判断条件 每股收益(ttm) 2.07元 每股收益大于0.5 销售毛利率 37.01 毛利率大于30 市盈率(上个交易日) 24.88 市盈率小于30 问财百科： 绩优股具有较高的投资回报和投资价值。其公司拥有资金、市场、信誉等方面的优势，对各种市场变化具有较强的承受和适应能力，绩优股的股价一般相对稳定且呈长期上升趋势。 您对此栏目的评价： 有用 0 没用 0 提建议 公司名称： 公司简称： 上市场所： 所属行业： 所属地域：",音视频类、手机数据线产品市占率全球居前,,,,,,53.42%,,58.14%,,26.22%,39.26%,8.49%,,一季报,214.0,58.21,消费电子,39.26,8.49,53.42,58.14,26.22,,,0,0,83.13255880833168,100.0,54.546,73.78,48.0,50.0,55.0,48.0,38.0,60.0,54.0,42.0,64.78,B级（重点跟进）
301548,崇德科技,深交所,动压油膜滑动轴承的研发、设计、生产及销售，滚动轴承及相关产品等的销售。,"通用设备 概念行情贴合度： 芯片概念， 专精特新， PEEK材料， 抽水蓄能， 储能， 风电， 海工装备， 海峡两岸， 核电， 融资融券， 深股通， 生物质能发电 详情>> 对比>> 可比公司() 全部 收起 家未上市公司 全部 收起 市盈率(动态)： 36.040 每股收益：0.82元 [[[0,""0.98""],[1,""1.33""],[2,""0.32""],[3,""0.76""],[4,""1.17""],[5,""1.55""],[6,""0.45""],[7,""0.82""]],[[0,""2024\u4e09\u5b63\u62a5""],[1,""2024\u5e74\u62a5""],[2,""2025\u4e00\u5b63\u62a5""],[3,""2025\u4e2d\u62a5""],[4,""2025\u4e09\u5b63\u62a5""],[5,""2025\u5e74\u62a5""],[6,""2026\u4e00\u5b63\u62a5""],[7,""2026\u4e2d\u62a5""]],""\u5143""] 每股收益单位：元 同行业排名第9位 查看明细>> 每股资本公积金：11.90元 [[[0,""11.86""],[1,""11.87""],[2,""11.87""],[3,""11.87""],[4,""11.87""],[5,""11.87""],[6,""11.87""],[7,""11.90""]],[[0,""2024\u4e09\u5b63\u62a5""],[1,""2024\u5e74\u62a5""],[2,""2025\u4e00\u5b63\u62a5""],[3,""2025\u4e2d\u62a5""],[4,""2025\u4e09\u5b63\u62a5""],[5,""2025\u5e74\u62a5""],[6,""2026\u4e00\u5b63\u62a5""],[7,""2026\u4e2d\u62a5""]],""\u5143""] 每股资本公积金单位：元 同行业排名第4位 查看明细>> 分类： 小盘股 市盈率(静态)： 38.09 营业总收入： 3.49亿元 同比增长23.24% [[[0,""3.70""],[1,""5.18""],[2,""1.20""],[3,""2.83""],[4,""4.45""],[5,""6.19""],[6,""1.62""],[7,""3.49""]],[[0,""2024\u4e09\u5b63\u62a5""],[1,""2024\u5e74\u62a5""],[2,""2025\u4e00\u5b63\u62a5""],[3,""2025\u4e2d\u62a5""],[4,""2025\u4e09\u5b63\u62a5""],[5,""2025\u5e74\u62a5""],[6,""2026\u4e00\u5b63\u62a5""],[7,""2026\u4e2d\u62a5""]],""\u4ebf\u5143""] 营业总收入单位：亿元 同行业排名第54位 查看明细>> 每股未分配利润：4.87元 [[[0,""3.61""],[1,""3.83""],[2,""3.87""],[3,""4.01""],[4,""4.29""],[5,""4.52""],[6,""4.97""],[7,""4.87""]],[[0,""2024\u4e09\u5b63\u62a5""],[1,""2024\u5e74\u62a5""],[2,""2025\u4e00\u5b63\u62a5""],[3,""2025\u4e2d\u62a5""],[4,""2025\u4e09\u5b63\u62a5""],[5,""2025\u5e74\u62a5""],[6,""2026\u4e00\u5b63\u62a5""],[7,""2026\u4e2d\u62a5""]],""\u5143""] 每股未分配利润单位：元 同行业排名第9位 查看明细>> 总股本： 0.87亿股 市净率： 3.24 净利润： 0.71亿元 同比增长7.26% [[[0,""0.85""],[1,""1.15""],[2,""0.28""],[3,""0.66""],[4,""1.02""],[5,""1.35""],[6,""0.39""],[7,""0.71""]],[[0,""2024\u4e09\u5b63\u62a5""],[1,""2024\u5e74\u62a5""],[2,""2025\u4e00\u5b63\u62a5""],[3,""2025\u4e2d\u62a5""],[4,""2025\u4e09\u5b63\u62a5""],[5,""2025\u5e74\u62a5""],[6,""2026\u4e00\u5b63\u62a5""],[7,""2026\u4e2d\u62a5""]],""\u4ebf\u5143""] 净利润单位：亿元 同行业排名第24位 查看明细>> 每股经营现金流：0.41元 [[[0,""0.60""],[1,""1.63""],[2,""-0.13""],[3,""0.05""],[4,""0.47""],[5,""1.19""],[6,""-0.05""],[7,""0.41""]],[[0,""2024\u4e09\u5b63\u62a5""],[1,""2024\u5e74\u62a5""],[2,""2025\u4e00\u5b63\u62a5""],[3,""2025\u4e2d\u62a5""],[4,""2025\u4e09\u5b63\u62a5""],[5,""2025\u5e74\u62a5""],[6,""2026\u4e00\u5b63\u62a5""],[7,""2026\u4e2d\u62a5""]],""\u5143""] 每股经营现金流单位：元 同行业排名第10位 查看明细>> 总市值：51亿 每股净资产：18.18元 [[[0,""16.77""],[1,""17.12""],[2,""17.16""],[3,""17.14""],[4,""17.35""],[5,""17.72""],[6,""18.18""],[7,""18.18""]],[[0,""2024\u4e09\u5b63\u62a5""],[1,""2024\u5e74\u62a5""],[2,""2025\u4e00\u5b63\u62a5""],[3,""2025\u4e2d\u62a5""],[4,""2025\u4e09\u5b63\u62a5""],[5,""2025\u5e74\u62a5""],[6,""2026\u4e00\u5b63\u62a5""],[7,""2026\u4e2d\u62a5""]],""\u5143""] 每股净资产单位：元 同行业排名第6位 查看明细>> 毛利率：38.31% [[[0,""38.17""],[1,""38.27""],[2,""36.46""],[3,""37.37""],[4,""37.22""],[5,""37.38""],[6,""40.93""],[7,""38.31""]],[[0,""2024\u4e09\u5b63\u62a5""],[1,""2024\u5e74\u62a5""],[2,""2025\u4e00\u5b63\u62a5""],[3,""2025\u4e2d\u62a5""],[4,""2025\u4e09\u5b63\u62a5""],[5,""2025\u5e74\u62a5""],[6,""2026\u4e00\u5b63\u62a5""],[7,""2026\u4e2d\u62a5""]],""""] 毛利率单位：% 同行业排名第9位 查看明细>> 净资产收益率：4.52% [[[0,""5.86""],[1,""7.90""],[2,""2.02""],[3,""4.42""],[4,""6.76""],[5,""8.92""],[6,""2.50""],[7,""4.52""]],[[0,""2024\u4e09\u5b63\u62a5""],[1,""2024\u5e74\u62a5""],[2,""2025\u4e00\u5b63\u62a5""],[3,""2025\u4e2d\u62a5""],[4,""2025\u4e09\u5b63\u62a5""],[5,""2025\u5e74\u62a5""],[6,""2026\u4e00\u5b63\u62a5""],[7,""2026\u4e2d\u62a5""]],""""] 净资产收益率单位：% 同行业排名第20位 查看明细>> 流通A股：0.29亿股 最新解禁： 2026-09-21 解禁股份类型： 首发原股东限售股份 解禁数量： 454.14万股 公告解禁数量为上市公司公告符合解禁条件的股份数量。实际可售为公告解禁数量除去股权质押、高管禁售等部分，实际可以在市场出售的股份数量。 解禁时间 公告解禁 实际可售 解禁股成本 2025-03-20 1016.60万 254.15万 -- 2024-09-20 614.66万 194.28万 -- 2024-03-20 77.74万 77.74万 -- 历史解禁详情表 占总股本比例： 5.22% 更新日期： 2026-08-28 总质押股份数量： 340.00万股 重要股东质押数量（质押中） 股东名称 质押数量 占所持股份比 占总股本比 吴星明 340.00万股 50.34% 3.91% *仅展示上市公司公告披露的股东的质押情况 质押股份占A股总股本比： 3.91% [[""3.9100"",""3.9100"",""3.9100"",""3.9100"",""3.9100"",""3.9100"",""3.9100"",""3.9100"",""3.9100"",""3.9100"",""3.9100"",""3.9100""],[""2026-06-12"",""2026-06-18"",""2026-06-26"",""2026-07-03"",""2026-07-10"",""2026-07-17"",""2026-07-24"",""2026-07-31"",""2026-08-07"",""2026-08-14"",""2026-08-21"",""2026-08-28""]] 质押股份占A股总股本比单位：% *数据来源：中登公司及上市公司最新公布的质押公告 以上为中报 您对此栏目的评价： 有用 0 没用 0 提建议 公司名称： 公司简称： 上市场所： 所属行业： 所属地域：",国内动压油膜滑动轴承龙头企业，产品主要用于工业驱动、能源发电、石油化工及船舶等领域,,,,,,34.57%,,40.56%,,14.25%,40.93%,24.43%,,一季报,51.0,3.49,通用设备,40.93,24.43,34.57,40.56,14.25,,,0,0,63.814657571229525,87.565,71.488,85.75,48.0,50.0,55.0,48.0,38.0,60.0,80.0,42.0,64.72,B级（重点跟进）
688372,伟测科技,上交所,晶圆测试、芯片成品测试以及与集成电路测试相关的配套服务。,"半导体 概念行情贴合度： 存储芯片， 中芯国际概念， 先进封装， MCU芯片， 沪股通， 汽车芯片， 融资融券， 消费电子概念， 芯片概念 详情>> 对比>> 可比公司() 全部 收起 家未上市公司 全部 收起 市盈率(动态)： 69.334 每股收益：1.01元 [[[0,""0.87""],[1,""0.18""],[2,""0.17""],[3,""0.68""],[4,""1.37""],[5,""2.04""],[6,""0.48""],[7,""1.01""]],[[0,""2024\u5e74\u62a5""],[1,""2025\u4e00\u5b63\u62a5""],[2,""\u5206\u7ea2\u8f6c\u589e""],[3,""2025\u4e2d\u62a5""],[4,""2025\u4e09\u5b63\u62a5""],[5,""2025\u5e74\u62a5""],[6,""2026\u4e00\u5b63\u62a5""],[7,""2026\u4e2d\u62a5""]],""\u5143""] 每股收益单位：元 同行业排名第2位 查看明细>> 每股资本公积金：18.97元 [[[0,""17.26""],[1,""17.36""],[2,""13.31""],[3,""13.20""],[4,""13.30""],[5,""13.38""],[6,""18.70""],[7,""18.97""]],[[0,""2024\u5e74\u62a5""],[1,""2025\u4e00\u5b63\u62a5""],[2,""\u5206\u7ea2\u8f6c\u589e""],[3,""2025\u4e2d\u62a5""],[4,""2025\u4e09\u5b63\u62a5""],[5,""2025\u5e74\u62a5""],[6,""2026\u4e00\u5b63\u62a5""],[7,""2026\u4e2d\u62a5""]],""\u5143""] 每股资本公积金单位：元 同行业排名第1位 查看明细>> 分类： 中盘股 市盈率(静态)： 72.86 营业总收入： 10.72亿元 同比增长69% [[[0,""10.77""],[1,""2.85""],[2,""2.85""],[3,""6.34""],[4,""10.83""],[5,""15.75""],[6,""4.90""],[7,""10.72""]],[[0,""2024\u5e74\u62a5""],[1,""2025\u4e00\u5b63\u62a5""],[2,""\u5206\u7ea2\u8f6c\u589e""],[3,""2025\u4e2d\u62a5""],[4,""2025\u4e09\u5b63\u62a5""],[5,""2025\u5e74\u62a5""],[6,""2026\u4e00\u5b63\u62a5""],[7,""2026\u4e2d\u62a5""]],""\u4ebf\u5143""] 营业总收入单位：亿元 同行业排名第6位 查看明细>> 每股未分配利润：4.96元 [[[0,""4.50""],[1,""4.73""],[2,""3.63""],[3,""3.87""],[4,""4.54""],[5,""5.15""],[6,""5.00""],[7,""4.96""]],[[0,""2024\u5e74\u62a5""],[1,""2025\u4e00\u5b63\u62a5""],[2,""\u5206\u7ea2\u8f6c\u589e""],[3,""2025\u4e2d\u62a5""],[4,""2025\u4e09\u5b63\u62a5""],[5,""2025\u5e74\u62a5""],[6,""2026\u4e00\u5b63\u62a5""],[7,""2026\u4e2d\u62a5""]],""\u5143""] 每股未分配利润单位：元 同行业排名第2位 查看明细>> 总股本： 1.69亿股 市净率： 5.20 净利润： 1.59亿元 同比增长57.61% [[[0,""1.28""],[1,""0.26""],[2,""0.26""],[3,""1.01""],[4,""2.02""],[5,""3.03""],[6,""0.71""],[7,""1.59""]],[[0,""2024\u5e74\u62a5""],[1,""2025\u4e00\u5b63\u62a5""],[2,""\u5206\u7ea2\u8f6c\u589e""],[3,""2025\u4e2d\u62a5""],[4,""2025\u4e09\u5b63\u62a5""],[5,""2025\u5e74\u62a5""],[6,""2026\u4e00\u5b63\u62a5""],[7,""2026\u4e2d\u62a5""]],""\u4ebf\u5143""] 净利润单位：亿元 同行业排名第5位 查看明细>> 每股经营现金流：3.26元 [[[0,""5.46""],[1,""1.74""],[2,""1.33""],[3,""2.29""],[4,""3.36""],[5,""4.74""],[6,""1.51""],[7,""3.26""]],[[0,""2024\u5e74\u62a5""],[1,""2025\u4e00\u5b63\u62a5""],[2,""\u5206\u7ea2\u8f6c\u589e""],[3,""2025\u4e2d\u62a5""],[4,""2025\u4e09\u5b63\u62a5""],[5,""2025\u5e74\u62a5""],[6,""2026\u4e00\u5b63\u62a5""],[7,""2026\u4e2d\u62a5""]],""\u5143""] 每股经营现金流单位：元 同行业排名第1位 查看明细>> 总市值：220亿 每股净资产：25.15元 [[[0,""23.01""],[1,""23.33""],[2,""17.90""],[3,""18.26""],[4,""19.02""],[5,""19.78""],[6,""24.93""],[7,""25.15""]],[[0,""2024\u5e74\u62a5""],[1,""2025\u4e00\u5b63\u62a5""],[2,""\u5206\u7ea2\u8f6c\u589e""],[3,""2025\u4e2d\u62a5""],[4,""2025\u4e09\u5b63\u62a5""],[5,""2025\u5e74\u62a5""],[6,""2026\u4e00\u5b63\u62a5""],[7,""2026\u4e2d\u62a5""]],""\u5143""] 每股净资产单位：元 同行业排名第1位 查看明细>> 毛利率：33.59% [[[0,""37.11""],[1,""32.67""],[2,""32.67""],[3,""34.50""],[4,""38.68""],[5,""39.37""],[6,""34.96""],[7,""33.59""]],[[0,""2024\u5e74\u62a5""],[1,""2025\u4e00\u5b63\u62a5""],[2,""\u5206\u7ea2\u8f6c\u589e""],[3,""2025\u4e2d\u62a5""],[4,""2025\u4e09\u5b63\u62a5""],[5,""2025\u5e74\u62a5""],[6,""2026\u4e00\u5b63\u62a5""],[7,""2026\u4e2d\u62a5""]],""""] 毛利率单位：% 同行业排名第2位 查看明细>> 净资产收益率：4.41% [[[0,""5.06""],[1,""0.98""],[2,""0.98""],[3,""3.78""],[4,""7.41""],[5,""10.85""],[6,""2.36""],[7,""4.41""]],[[0,""2024\u5e74\u62a5""],[1,""2025\u4e00\u5b63\u62a5""],[2,""\u5206\u7ea2\u8f6c\u589e""],[3,""2025\u4e2d\u62a5""],[4,""2025\u4e09\u5b63\u62a5""],[5,""2025\u5e74\u62a5""],[6,""2026\u4e00\u5b63\u62a5""],[7,""2026\u4e2d\u62a5""]],""""] 净资产收益率单位：% 同行业排名第3位 查看明细>> 流通A股：1.69亿股 以上为中报 您对此栏目的评价： 有用 0 没用 0 提建议 公司名称： 公司简称： 上市场所： 所属行业： 所属地域：",主营晶圆测试、芯片成品测试，高端测试设备机台数量在中国大陆行业领先,,,,,,71.79%,,173.39%,,52.24%,34.96%,14.46%,,一季报,220.0,10.72,半导体,34.96,14.46,71.79,173.39,52.24,,,0,1,75.45996702958792,100.0,57.936,47.76,48.0,50.0,55.0,48.0,74.0,60.0,64.0,42.0,64.63,B级（重点跟进）
300442,润泽科技,深交所,IDC业务和AIDC业务。,"通信服务 概念行情贴合度： 中国AI 50， 算力租赁， 东数西算(算力)， 抖音概念(字节概念)， 机器人概念， 京津冀一体化， 融资融券， 深股通， 数据中心(AIDC)， 液冷服务器 详情>> 财务分析： 二线蓝筹 对比>> 可比公司() 全部 收起 家未上市公司 全部 收起 市盈率(动态)： 45.149 每股收益：0.74元 [[[0,""0.88""],[1,""1.04""],[2,""0.25""],[3,""0.51""],[4,""2.74""],[5,""3.00""],[6,""0.36""],[7,""0.74""]],[[0,""2024\u4e09\u5b63\u62a5""],[1,""2024\u5e74\u62a5""],[2,""2025\u4e00\u5b63\u62a5""],[3,""2025\u4e2d\u62a5""],[4,""2025\u4e09\u5b63\u62a5""],[5,""2025\u5e74\u62a5""],[6,""2026\u4e00\u5b63\u62a5""],[7,""2026\u4e2d\u62a5""]],""\u5143""] 每股收益单位：元 同行业排名第2位 查看明细>> 每股资本公积金：3.44元 [[[0,""3.00""],[1,""3.17""],[2,""3.16""],[3,""3.19""],[4,""3.36""],[5,""3.43""],[6,""3.46""],[7,""3.44""]],[[0,""2024\u4e09\u5b63\u62a5""],[1,""2024\u5e74\u62a5""],[2,""2025\u4e00\u5b63\u62a5""],[3,""2025\u4e2d\u62a5""],[4,""2025\u4e09\u5b63\u62a5""],[5,""2025\u5e74\u62a5""],[6,""2026\u4e00\u5b63\u62a5""],[7,""2026\u4e2d\u62a5""]],""\u5143""] 每股资本公积金单位：元 同行业排名第11位 查看明细>> 分类： 超大盘股 市盈率(静态)： 21.52 营业总收入： 37.46亿元 同比增长50.05% [[[0,""34.57""],[1,""43.65""],[2,""11.98""],[3,""24.96""],[4,""39.77""],[5,""56.74""],[6,""18.40""],[7,""37.46""]],[[0,""2024\u4e09\u5b63\u62a5""],[1,""2024\u5e74\u62a5""],[2,""2025\u4e00\u5b63\u62a5""],[3,""2025\u4e2d\u62a5""],[4,""2025\u4e09\u5b63\u62a5""],[5,""2025\u5e74\u62a5""],[6,""2026\u4e00\u5b63\u62a5""],[7,""2026\u4e2d\u62a5""]],""\u4ebf\u5143""] 营业总收入单位：亿元 同行业排名第1位 查看明细>> 每股未分配利润：4.64元 [[[0,""1.38""],[1,""1.54""],[2,""1.79""],[3,""1.93""],[4,""3.97""],[5,""4.18""],[6,""4.54""],[7,""4.64""]],[[0,""2024\u4e09\u5b63\u62a5""],[1,""2024\u5e74\u62a5""],[2,""2025\u4e00\u5b63\u62a5""],[3,""2025\u4e2d\u62a5""],[4,""2025\u4e09\u5b63\u62a5""],[5,""2025\u5e74\u62a5""],[6,""2026\u4e00\u5b63\u62a5""],[7,""2026\u4e2d\u62a5""]],""\u5143""] 每股未分配利润单位：元 同行业排名第1位 查看明细>> 总股本： 16.41亿股 市净率： 7.50 净利润： 12.03亿元 同比增长36.43% [[[0,""15.14""],[1,""17.90""],[2,""4.30""],[3,""8.82""],[4,""47.04""],[5,""50.50""],[6,""5.82""],[7,""12.03""]],[[0,""2024\u4e09\u5b63\u62a5""],[1,""2024\u5e74\u62a5""],[2,""2025\u4e00\u5b63\u62a5""],[3,""2025\u4e2d\u62a5""],[4,""2025\u4e09\u5b63\u62a5""],[5,""2025\u5e74\u62a5""],[6,""2026\u4e00\u5b63\u62a5""],[7,""2026\u4e2d\u62a5""]],""\u4ebf\u5143""] 净利润单位：亿元 同行业排名第1位 查看明细>> 每股经营现金流：1.80元 [[[0,""0.67""],[1,""1.22""],[2,""0.50""],[3,""1.31""],[4,""1.69""],[5,""2.01""],[6,""0.81""],[7,""1.80""]],[[0,""2024\u4e09\u5b63\u62a5""],[1,""2024\u5e74\u62a5""],[2,""2025\u4e00\u5b63\u62a5""],[3,""2025\u4e2d\u62a5""],[4,""2025\u4e09\u5b63\u62a5""],[5,""2025\u5e74\u62a5""],[6,""2026\u4e00\u5b63\u62a5""],[7,""2026\u4e2d\u62a5""]],""\u5143""] 每股经营现金流单位：元 同行业排名第1位 查看明细>> 总市值：1086亿 每股净资产：8.83元 [[[0,""5.46""],[1,""5.79""],[2,""6.03""],[3,""6.20""],[4,""8.29""],[5,""8.36""],[6,""8.74""],[7,""8.83""]],[[0,""2024\u4e09\u5b63\u62a5""],[1,""2024\u5e74\u62a5""],[2,""2025\u4e00\u5b63\u62a5""],[3,""2025\u4e2d\u62a5""],[4,""2025\u4e09\u5b63\u62a5""],[5,""2025\u5e74\u62a5""],[6,""2026\u4e00\u5b63\u62a5""],[7,""2026\u4e2d\u62a5""]],""\u5143""] 每股净资产单位：元 同行业排名第3位 查看明细>> 毛利率：46.58% [[[0,""56.98""],[1,""48.93""],[2,""49.73""],[3,""49.40""],[4,""48.11""],[5,""46.04""],[6,""46.80""],[7,""46.58""]],[[0,""2024\u4e09\u5b63\u62a5""],[1,""2024\u5e74\u62a5""],[2,""2025\u4e00\u5b63\u62a5""],[3,""2025\u4e2d\u62a5""],[4,""2025\u4e09\u5b63\u62a5""],[5,""2025\u5e74\u62a5""],[6,""2026\u4e00\u5b63\u62a5""],[7,""2026\u4e2d\u62a5""]],""""] 毛利率单位：% 同行业排名第2位 查看明细>> 净资产收益率：8.47% [[[0,""16.59""],[1,""19.50""],[2,""4.23""],[3,""8.47""],[4,""38.72""],[5,""41.80""],[6,""4.17""],[7,""8.47""]],[[0,""2024\u4e09\u5b63\u62a5""],[1,""2024\u5e74\u62a5""],[2,""2025\u4e00\u5b63\u62a5""],[3,""2025\u4e2d\u62a5""],[4,""2025\u4e09\u5b63\u62a5""],[5,""2025\u5e74\u62a5""],[6,""2026\u4e00\u5b63\u62a5""],[7,""2026\u4e2d\u62a5""]],""""] 净资产收益率单位：% 同行业排名第2位 查看明细>> 流通A股：16.36亿股 最新解禁： 2027-05-10 解禁股份类型： 股权激励限售股份 解禁数量： 108.48万股 公告解禁数量为上市公司公告符合解禁条件的股份数量。实际可售为公告解禁数量除去股权质押、高管禁售等部分，实际可以在市场出售的股份数量。 解禁时间 公告解禁 实际可售 解禁股成本 2026-06-15 690.30万 690.30万 -- 2026-05-18 172.58万 172.58万 -- 2025-08-08 10.14亿 10.14亿 8.29 历史解禁详情表 占总股本比例： 0.07% 更新日期： 2026-08-28 总质押股份数量： 6073.70万股 重要股东质押数量（质押中） 股东名称 质押数量 占所持股份比 占总股本比 丽水合杰创业投资合伙企业(有限合伙) 894.00万股 94.60% 0.54% 京津冀润泽(廊坊)数字信息有限公司 5458.70万股 5.64% 3.33% 姜卫东 107.25万股 100.00% 0.07% 宁波大容明琛创业投资合伙企业(有限合伙) 1524.24万股 45.24% 0.93% *仅展示上市公司公告披露的股东的质押情况 质押股份占A股总股本比： 3.70% [[""3.7000"",""3.7000"",""3.7000"",""3.7000"",""3.7000"",""3.7000"",""3.7000"",""3.7000"",""3.7000"",""3.7000"",""3.7000"",""3.7000""],[""2026-06-12"",""2026-06-18"",""2026-06-26"",""2026-07-03"",""2026-07-10"",""2026-07-17"",""2026-07-24"",""2026-07-31"",""2026-08-07"",""2026-08-14"",""2026-08-21"",""2026-08-28""]] 质押股份占A股总股本比单位：% *数据来源：中登公司及上市公司最新公布的质押公告 以上为中报 二线蓝筹条件[成分股] 问财百科： 蓝筹股(blue chip)是指稳定的现金股利政策对公司现金流管理有较高的要求，通常将那些经营业绩较好，具有稳定且较高的现金股利支付的公司股票，多指长期稳定增长的、大型的、传统工业股及金融股。 您对此栏目的评价： 有用 0 没用 0 提建议 公司名称： 公司简称： 上市场所： 所属行业： 所属地域：",国内领先的园区级数据中心企业，布局的廊坊数据中心规模和区位优势显著，已建成京津冀、长三角、大湾区等7个AIDC集群,,,,,,53.55%,,35.35%,,64.97%,46.80%,31.84%,,一季报,1086.0,37.46,通信服务,46.8,31.84,53.55,35.35,64.97,,,0,0,86.41019462260405,92.675,78.08,35.03,40.0,50.0,55.0,48.0,46.0,60.0,54.0,49.0,64.41,B级（重点跟进）
688188,柏楚电子,上交所,向各类激光切割设备制造商提供以激光切割控制系统为核心的各类自动化产品。,"自动化设备 概念行情贴合度： 新型工业化， 高端装备， 机器人概念， 沪股通， 激光， 人工智能， 融资融券， 专精特新 详情>> 财务分析： 白马股， 绩优股 对比>> 可比公司() 全部 收起 家未上市公司 全部 收起 市盈率(动态)： 25.504 每股收益：1.94元 [[[0,""0.89""],[1,""0.89""],[2,""1.59""],[3,""3.14""],[4,""3.86""],[5,""1.10""],[6,""0.78""],[7,""1.94""]],[[0,""2025\u4e00\u5b63\u62a5""],[1,""\u5206\u7ea2\u8f6c\u589e""],[2,""2025\u4e2d\u62a5""],[3,""2025\u4e09\u5b63\u62a5""],[4,""2025\u5e74\u62a5""],[5,""2026\u4e00\u5b63\u62a5""],[6,""\u5206\u7ea2\u8f6c\u589e""],[7,""2026\u4e2d\u62a5""]],""\u5143""] 每股收益单位：元 同行业排名第1位 查看明细>> 每股资本公积金：7.32元 [[[0,""14.66""],[1,""10.45""],[2,""10.29""],[3,""10.40""],[4,""10.54""],[5,""10.55""],[6,""7.51""],[7,""7.32""]],[[0,""2025\u4e00\u5b63\u62a5""],[1,""\u5206\u7ea2\u8f6c\u589e""],[2,""2025\u4e2d\u62a5""],[3,""2025\u4e09\u5b63\u62a5""],[4,""2025\u5e74\u62a5""],[5,""2026\u4e00\u5b63\u62a5""],[6,""\u5206\u7ea2\u8f6c\u589e""],[7,""2026\u4e2d\u62a5""]],""\u5143""] 每股资本公积金单位：元 同行业排名第8位 查看明细>> 分类： 大盘股 市盈率(静态)： 36.09 营业总收入： 12.78亿元 同比增长15.84% [[[0,""4.96""],[1,""4.96""],[2,""11.03""],[3,""16.20""],[4,""21.96""],[5,""5.48""],[6,""5.48""],[7,""12.78""]],[[0,""2025\u4e00\u5b63\u62a5""],[1,""\u5206\u7ea2\u8f6c\u589e""],[2,""2025\u4e2d\u62a5""],[3,""2025\u4e09\u5b63\u62a5""],[4,""2025\u5e74\u62a5""],[5,""2026\u4e00\u5b63\u62a5""],[6,""\u5206\u7ea2\u8f6c\u589e""],[7,""2026\u4e2d\u62a5""]],""\u4ebf\u5143""] 营业总收入单位：亿元 同行业排名第11位 查看明细>> 每股未分配利润：6.96元 [[[0,""11.76""],[1,""8.38""],[2,""8.17""],[3,""9.07""],[4,""8.98""],[5,""10.08""],[6,""7.18""],[7,""6.96""]],[[0,""2025\u4e00\u5b63\u62a5""],[1,""\u5206\u7ea2\u8f6c\u589e""],[2,""2025\u4e2d\u62a5""],[3,""2025\u4e09\u5b63\u62a5""],[4,""2025\u5e74\u62a5""],[5,""2026\u4e00\u5b63\u62a5""],[6,""\u5206\u7ea2\u8f6c\u589e""],[7,""2026\u4e2d\u62a5""]],""\u5143""] 每股未分配利润单位：元 同行业排名第3位 查看明细>> 总股本： 4.06亿股 市净率： 6.33 净利润： 7.87亿元 同比增长22.97% [[[0,""2.55""],[1,""2.55""],[2,""6.40""],[3,""9.04""],[4,""11.13""],[5,""3.16""],[6,""3.16""],[7,""7.87""]],[[0,""2025\u4e00\u5b63\u62a5""],[1,""\u5206\u7ea2\u8f6c\u589e""],[2,""2025\u4e2d\u62a5""],[3,""2025\u4e09\u5b63\u62a5""],[4,""2025\u5e74\u62a5""],[5,""2026\u4e00\u5b63\u62a5""],[6,""\u5206\u7ea2\u8f6c\u589e""],[7,""2026\u4e2d\u62a5""]],""\u4ebf\u5143""] 净利润单位：亿元 同行业排名第2位 查看明细>> 每股经营现金流：1.25元 [[[0,""0.84""],[1,""0.60""],[2,""1.93""],[3,""2.72""],[4,""3.82""],[5,""0.60""],[6,""0.43""],[7,""1.25""]],[[0,""2025\u4e00\u5b63\u62a5""],[1,""\u5206\u7ea2\u8f6c\u589e""],[2,""2025\u4e2d\u62a5""],[3,""2025\u4e09\u5b63\u62a5""],[4,""2025\u5e74\u62a5""],[5,""2026\u4e00\u5b63\u62a5""],[6,""\u5206\u7ea2\u8f6c\u589e""],[7,""2026\u4e2d\u62a5""]],""\u5143""] 每股经营现金流单位：元 同行业排名第1位 查看明细>> 总市值：401亿 每股净资产：15.63元 [[[0,""27.92""],[1,""19.89""],[2,""19.81""],[3,""20.83""],[4,""21.02""],[5,""22.13""],[6,""15.76""],[7,""15.63""]],[[0,""2025\u4e00\u5b63\u62a5""],[1,""\u5206\u7ea2\u8f6c\u589e""],[2,""2025\u4e2d\u62a5""],[3,""2025\u4e09\u5b63\u62a5""],[4,""2025\u5e74\u62a5""],[5,""2026\u4e00\u5b63\u62a5""],[6,""\u5206\u7ea2\u8f6c\u589e""],[7,""2026\u4e2d\u62a5""]],""\u5143""] 每股净资产单位：元 同行业排名第6位 查看明细>> 毛利率：73.93% [[[0,""77.76""],[1,""77.76""],[2,""78.83""],[3,""78.09""],[4,""77.66""],[5,""74.51""],[6,""74.51""],[7,""73.93""]],[[0,""2025\u4e00\u5b63\u62a5""],[1,""\u5206\u7ea2\u8f6c\u589e""],[2,""2025\u4e2d\u62a5""],[3,""2025\u4e09\u5b63\u62a5""],[4,""2025\u5e74\u62a5""],[5,""2026\u4e00\u5b63\u62a5""],[6,""\u5206\u7ea2\u8f6c\u589e""],[7,""2026\u4e2d\u62a5""]],""""] 毛利率单位：% 同行业排名第1位 查看明细>> 净资产收益率：12.33% [[[0,""4.56""],[1,""4.56""],[2,""11.15""],[3,""15.70""],[4,""19.26""],[5,""5.08""],[6,""5.08""],[7,""12.33""]],[[0,""2025\u4e00\u5b63\u62a5""],[1,""\u5206\u7ea2\u8f6c\u589e""],[2,""2025\u4e2d\u62a5""],[3,""2025\u4e09\u5b63\u62a5""],[4,""2025\u5e74\u62a5""],[5,""2026\u4e00\u5b63\u62a5""],[6,""\u5206\u7ea2\u8f6c\u589e""],[7,""2026\u4e2d\u62a5""]],""""] 净资产收益率单位：% 同行业排名第2位 查看明细>> 流通A股：4.06亿股 以上为中报 白马股条件[成分股] 指标名称 指标数据 判断条件 每股收益(ttm) 3.11元 每股收益大于0.5 净资产收益率(ttm) 19.87% 净资产收益率大于10% 市盈率(上个交易日) 25.50 市盈率小于40 每股净资产 15.63元 每股净资产大于3 营业总收入复合年增长率 34.69% 营业总收入复合年增长率大于20% 净利润复合年增长率 32.38% 净利润复合年增长率大于30% 问财百科： 白马股一般是指其有关的信息已经公开的股票，由于业绩较为明朗，很少存在埋地雷的风险，内幕交易、黑箱操作的可能性大大降低，同时又兼有业绩优良、高成长、低风险的特点，因而具备较高的投资价值，往往为投资者所看好。 绩优股条件[成分股] 指标名称 指标数据 判断条件 每股收益(ttm) 3.11元 每股收益大于0.5 销售毛利率 77.66 毛利率大于30 市盈率(上个交易日) 25.50 市盈率小于30 问财百科： 绩优股具有较高的投资回报和投资价值。其公司拥有资金、市场、信誉等方面的优势，对各种市场变化具有较强的承受和适应能力，绩优股的股价一般相对稳定且呈长期上升趋势。 您对此栏目的评价： 有用 0 没用 0 提建议 公司名称： 公司简称： 上市场所： 所属行业： 所属地域：",激光切割控制系统的研产销，上海市“专精特新”企业,,,,,,10.53%,,23.88%,,5.62%,74.51%,58.29%,,一季报,401.0,12.78,自动化设备,74.51,58.29,10.53,23.88,5.62,,,0,0,79.10600672592385,67.205,94.706,94.38,40.0,50.0,55.0,48.0,38.0,60.0,64.0,42.0,64.05,B级（重点跟进）
